press,title,url,content,time,x,y,label
헤럴드경제,美국방장관 “軍 동원할 때 아냐” 반기…트럼프 자를까,https://news.naver.com/main/read.nhn?mode=LSD&mid=sec&sid1=104&oid=016&aid=0001682037,"
에스퍼 장관 브리핑 자청 소신 발언‘충성파’였는데…경질 가능성 관측백악관 “현재 에스퍼 여전히 장관”하루도 못간 ‘항명’? 軍복귀 명령 번복매티스 전 국방 “국민 분열 첫 대통령”성명


원본보기

마크 에스퍼 미국 국방장관이 3일(현지시간) 흑인 사망 사건에 항의하는 시위대 진압을 위한 군병력 투입을 강행할 뜻을 갖고 있는 도널드 트럼프 대통령의 방침에 반기를 드는 발언을 해 백악관 안팎이 요동치고 있다. 에스퍼 장관이 지난 3월 18일 백악관 기자실에서 발언하는 걸 트럼프 대통령이 지켜보고 있다. [EPA][헤럴드경제=홍성원 기자] 마크 에스퍼 미국 국방부 장관은 3일(현지시간) 오전 흑인 조지 플로이드 사망 사건 항의시위에 대한 강경 진압론 관련, “법 집행에 병력을 동원하는 선택지는 마지막 수단으로, 나는 (군 동원을 위한) 폭동진압법 발동을 지지하지 않는다”고 밝혔다. 트럼프 대통령이 일부 폭력 시위자를 폭도로 판단, 군을 동원하겠다는 방침을 고수하는 데 반기를 든 것이다. 백악관 안팎에선 곧바로 에스퍼 장관의 경질 가능성을 제기했다. 그는 그러나 오후 들어 워싱턴DC에 배치한 군 병력의 원대복귀 명령을 뒤집은 걸로 파악되는 등 오락가락 행보를 보이고 있다.에스퍼 장관은 이날 브리핑을 자청, 시위 진압에 군을 활용할 때가 아니라는 취지의 소신 발언을 했다. 일부 도시의 시위가 폭동 양상을 보이자 트럼프 대통령이 폭동진압법 발동을 시사했지만 올바른 판단이 아니라고 반대한 셈이다. 미 언론은 에스퍼 장관이 트럼프 대통령의 ‘충성파’로 분류된다는 점, 이날 브리핑 내용을 백악관은 사전에 알지 못했다는 점 등을 들어 이례적이라고 전했다.에스퍼 장관은 지난 1일에 있었던 트럼프 대통령의 백악관 인근 세인트 폴 교회 방문에 대해서도 “동행하게 될 줄은 알았지만, 사진촬영을 하는지는 몰랐다”고 했다. 평화 시위대를 강제 해산시키고 트럼프 대통령과 핵심 참모들이 사진을 찍었다고 맹비난을 받았던 ‘이벤트’였다.에스퍼 장관은 군의 정치화에 대한 비난이 일고 있는 데 대해선 “나는 국방부가 정치에서 떨어지도록 노력하고 있는데 대선에 다가가고 있어 최근 매우 힘든 일”이라고 밝히기도 했다.에스퍼 장관의 발언은 그러나 백악관 내부에선 ‘메아리 없는 외침’으로 다뤄지는 분위기다. 당장 케일리 매커내니 백악관 대변인은 브리핑에서 “필요하다면 트럼프 대통령은 폭동진압법을 사용할 것”이라고 했다. 관심은 에스퍼 장관이 자리를 보전할 수 있느냐에 쏠렸다.매커내니 대변인은 기자들이 거듭 트럼프 대통령이 에스퍼 장관을 신뢰하느냐고 묻자 답을 회피한 끝에 “현재까지 에스퍼 장관은 여전히 장관”이라며 “대통령이 신뢰를 잃으면 여러분이 제일 먼저 알게 될 것”이라고 말했다. 이와 관련, CNN은 “트럼프 대통령이 재선에 성공한다고 해도 에스퍼 장관이 직을 유지할지 의문이 제기돼 왔는데 오늘 발언으로 낙마 시점이 빨라질 수도 있다는 관측이 있다”고 했다.에스퍼 장관의 ‘항명’ 시효는 하루도 넘기지 못한 걸로 볼 만한 정황도 나왔다. 워싱턴포스트(WP)등에 따르면 에스퍼 장관은 애초 미 각지에서 워싱턴DC 인근으로 집결한 병력 중 200명을 노스캐롤라이나로 복귀시키라고 지시했지만 백악관 회의에 다녀온 뒤 이를 뒤집었다는 것이다. 에스퍼 장관이 백악관에서 트럼프 대통령을 직접 만났는지 여부는 확인되지 않고 있다.라이언 매카시 미 육군장관은 이날 오전 10시께 약 200명의 82공수부대 병력을 노스캐롤라이나 포트브래그 기지로 돌려보내라는 지침을 받았지만 몇 시간 뒤 에스퍼 장관이 이 결정을 번복했다는 전달을 받았다고 전했다.군 수뇌부가 시위 진압에 병력을 투입할지를 놓고 혼선을 빚는 와중에 트럼프 대통령도 최악은 피하고 싶다는 뜻을 언론에 피력했다. 그는 이날 인터넷매체 뉴스맥스와 인터뷰에서 군 투입 관련, “그건 상황에 달려 있다”며 “우리가 그래야 할 것이라고 생각하지 않는다”고 말했다.이런 가운데 짐 매티스 전 국방장관은 이날 성명을 내 “도널드 트럼프는 미국인을 통합하려고 노력하지 않는 내 일생의 첫 대통령”이라며 “시민의 헌법적 권리를 침해하고 의도적으로 국민을 분열시키려 하고 있다""고 맹비난했다. 트럼프 행정부에 몸담고 2018년말 물러난 그는 그동안 군출신은 정치와 거리를 두는 게 의무라고 말해왔단 점에서 놀라운 변화라고 현지 언론은 지적했다.hongi@heraldcorp.com▶[디;콘] 여론조사를 조사하다!▶채널 구독하면 LED마스크, 공기청정기가 내손에 ▶농수축산물 소비캠페인 - Copyrights ⓒ 헤럴드경제 & heraldbiz.com, 무단 전재 및 재배포 금지 -
		",2020.06.04,-11.818277,-29.233105,4
뉴시스,"에스퍼 美국방, '연방군 투입' 우왕좌왕…경질설 솔솔",https://news.naver.com/main/read.nhn?mode=LSD&mid=sec&sid1=104&oid=003&aid=0009897057,"
""나는 내란법 지지 안 해"" 공개 반기 들어백악관 회의 후 워싱턴 병력 원대 복귀 결정 번복백악관 대변인, 경질설 질문에 ""현재 여전히 장관""


원본보기

[워싱턴=AP/뉴시스]5월15일(현지시간) 신종 코로나바이러스 감염증(코로나19) 관련 백악관 브리핑에서 마크 에스퍼 국무장관(오른쪽)의 발언을 도널드 트럼프 대통령(왼쪽)이 듣고 있다. 2020.06.04.  [서울=뉴시스] 남빛나라 기자 = 미국에서 조지 플로이드 사망에 항의하는 시위가 지속하는 가운데 마크 에스퍼 국방장관이 이례적으로 도널드 트럼프 대통령과 엇박자를 냈다가 자세를 낮췄다. 시위대를 포함한 자국민 보호와 트럼프 대통령의 강경 진압 요청 사이에서 오락가락하는 에스퍼 장관을 두고 미 언론은 경질 가능성도 거론했다. 3일(현지시간) 정치 전문 매체 폴리티코는 에스퍼 장관이 백악관과의 관계에서 살얼음판을 걸으며 롤러코스터를 타고 있다고 전했다.대규모 시위 국면에서 에스퍼 장관은 연방군을 동원해 시위대를 무력 진압하자는 트럼프 대통령의 주장에 동조해왔다. 이 때문에 시위대를 적으로 취급하면서 군대를 정치화했다는 비판을 받았다.그런데 돌연 이날 브리핑에서 모두를 깜짝 놀라게 하는 발언이 나왔다. 그는 ""사법 집행에 현역 병력을 사용하는 선택은 최후의 수단이어야만 한다""며 ""지금 우리는 그런 상황에 있지 않다. 나는 내란법(Insurrection Act) 발동을 지지하지 않는다""고 밝혔다.이 법은 대통령 직권으로 주에 군을 배치하도록 한다. 트럼프 대통령이 이 법을 발동할지가 초미의 관심사인 상황이다. 트럼프 대통령은 시위에서 나타나는 일부 폭력 사태와 관련해 ""폭도""라는 표현을 쓰며 강경 진압 기조를 수차례 강조해왔다. 미 전역 시위 현장을 '전쟁터(battle space)'라고 표현한 데 대해서도 해명했다. 그는 국방부에서 일상적으로 사용하는 용어라면서 ""사람들, 특히 우리 미국인들에게 초점을 맞춘 표현이 아니다""라고 말했다.그는 시위가 시작한 미네소타주 주지사와 통화에서 그런 표현을 썼다면서 ""돌이켜 생각해보면, 더 중요한 문제들에서 주의가 산만해지지 않도록 다른 단어를  사용해야 했다""고 밝혔다.


원본보기

[워싱턴=AP/뉴시스]3일(현지시간) 미국 수도 워싱턴D.C 백악관 인근에서 조지 플로이드 사망에 항의하는 시위가 이어지는 가운데 육군 특수부대의 모습이 보이고 있다. 2020.06.04.또 유사시 병력 지원을 목적으로 워싱턴D.C 인근에 배치된 82 공수부대 신속대응부대(IRF) 200명에 대해 원대 복귀를 명령했다. 그러더니 백악관과 논의 뒤 이 결정을 번복했다는 보도가 나왔다. AP통신에 따르면 라이언 매카시 미 육군장관은 에스퍼 장관이 백악관 회의에 참석한 뒤 이 같은 번복이 이뤄졌다고 밝혔다. 트럼프 대통령이나 참모가 워싱턴D.C에서 병력을 유지하도록 에스퍼 장관을 압박했다는 해석이 나온다. 심상치 않은 균열에 경질설이 돌고 있다.이날 케일리 매커내니 백악관 대변인 브리핑에서는 ""대통령이 여전히 에스퍼 장관을 신뢰하고 있느냐""는 질문이 나왔다.매커내니 대변인은 ""만약 트럼프 대통령이 에스퍼 장관에 대한 신뢰를 잃으면, 여러분(기자들)이 가장 먼저 알게 될 것""이라며 ""현 시점에서 에스퍼 장관은 여전히 장관""이라고 답했다.CNN에 따르면 공화당의 한 소식통은 트럼프 대통령이 에스퍼 장관을 존중하지 않는다고 밝혔다. 이 소식통은 에스퍼 장관의 영향력이 거의 없다시피 했으며 본질적으로 마이크 폼페이오 국무장관의 지휘 아래 있었다면서, 이날 브리핑이 의심할 여지 없이 상황을 악화시킬 것이라고 말했다.다른 소식통 3명에 따르면 트럼프 대통령 및 로버트 오브라이언 백악관 국가안보보좌관 등 고위 참모들은 에스퍼 장관의 발언에 불쾌감을 드러냈다.특히 오브라이언 보좌관은 에스퍼 장관이 백악관과 반대되는 말을 한 사례를 인쇄물로 정리해 트럼프 대통령에게 보고한 적이 적어도 한번은 있다고 CNN은 전했다.대선이 5개월밖에 남지 않은 상황에서 경질이 쉽지 않다는 시각도 있다. CNN은 트럼프 대통령이 신임을 잃은 고위 관리를 그대로 방치하면서 힘겹게 직을 유지하도록 해온 전례가 있다고 전했다.☞공감언론 뉴시스 south@newsis.com▶ 네이버에서 뉴시스 구독하기▶ K-Artprice, 유명 미술작품 가격 공개▶ 뉴시스 빅데이터 MSI 주가시세표 바로가기<ⓒ 공감언론 뉴시스통신사. 무단전재-재배포 금지>
		",2020.06.04,6.595544,-46.884914,4
오마이뉴스,"민주당 대선주자 뛰는데, 통합당엔 김종인 얘기만…",https://news.naver.com/main/read.nhn?mode=LSD&mid=sec&sid1=100&oid=047&aid=0002271992,"
[엄경영의 오늘의 뉴스 다이제스트][오마이뉴스 엄경영 기자]


원본보기

 ▲  미래통합당 김종인 비상대책위원장이 3일 오전 서울 여의도 국회 당 대표실을 찾아 더불어민주당 이해찬 대표와 환담하고 있다. ⓒ 남소연 6월 4일 헤드라인… ▲다음 대선이 1년 8개월 앞으로 다가오면서 여야 대선주자들 동정보도가 이어지고 있다. 이낙연 의원은 국난극복 순회간담회, 이재명 경기지사는 언론인터뷰, 박원순 서울시장은 기후비전, 김부겸 전 의원은 당권도전으로 분주하게 움직였다. ▲통합당 대선주자들은 잠잠했다. 홍준표 의원, 안철수 대표, 유승민 전 의원, 오세훈 전 의원, 원희룡 제주지사 등 야권 대선주자들은 사라지고 김종인 비대위원장 얘기만 이슈가 됐다. 그는 기본소득을 공식 제기했다.▲김 전 의원과 정세균 국무총리 연대설이 눈길을 끌었다. 두 사람이 만난 후 김 전 의원이 당권도전을 공식화했다는 것이다. 이 의원 중심으로 흐르던 민주당 전당대회가 돌연 활기를 띄고 있다. 김 전 의원 뉴스도 부쩍 늘고 있다. ▲이 지사는 경향신문 인터뷰에서 '불공정에 대한 분노가 자신의 정치 동력'이라고 말했다. 젊은층에 호소력 있고 시대흐름을 적절하게 터치했다는 의견도 있었다. 그가 왜 타고난 정치인인지를 여실히 보여주는 대목이다. 오늘 대한민국은… ▲문 대통령은 SNS에서 교회발 집단감염을 언급하며 3밀(밀폐·밀접·밀집된 시설) 자제를 당부했다. 문 대통령은 '한숨 돌리나 했더니 아니었다'고도 했다 ▲청와대가 'MB 녹색성장 장점은 수용할 것'이라고 매일경제가 전했다 ▲'기본소득 구체적 논의는 이르다'며 청와대가 선을 그었다고 서울경제가 보도했다 ▲청와대 'DLF(해외금리 연계 파생결합펀드) 사태 검사·제재 문제없다'… 한숨 돌린 금감원을 한국일보가 썼다. ▲'역대 최대' 35.3조원 3차 추경… 나라빚 반년새 111조원 증가를 다수 언론이 보도했다 ▲국가채무 840조원… GDP 대비 43.5% OECD 절반 이하 수준을 한겨레신문이 전했다 ▲올해 추경 60조원, 국가채무비율 마지노선 50%대로 후퇴를 한국일보가 1면에 썼다 ▲쿠폰(8대 할인 소비쿠폰) 1684억원을 쓰면서 기업투자 진작엔 인색하다고 국민일보가 1면에서 다뤘다. ▲정부는 올해 '한국판 뉴딜'에 5.1조원을 투입하고 전국 초중고에 와이파이를 구축한다 ▲9.4조원을 적립한 고용보험기금이 2년새 반토막났다 ▲'긴급' 무색해진 노숙인 재난지원금을 한겨레신문이 전했다. ▲코로나19 신규 확진이 49명 늘어난 가운데 수도권이 48명으로 나타났다 ▲마스크 덮친 폭염… 숨 막히는 방역을 서울신문이 1면에 전했다 ▲당국은 '어린이 괴질 의심 2건 모두 코로나와 무관하다'고 밝혔다 ▲재미 한인 과학자가 개발한 백신에 국내 임상시험을 허가했다. ▲'징용소송' 일본제철 국내자산, 처분 초읽기를 다수 언론이 보도했다 ▲혼돈의 미국, 워싱턴 육군 1600명 배치·뉴욕 77년만의 통금을 다수 언론이 비중있게 다뤘다 ▲'우리가 플로이드다' 세계 곳곳 연대 시위를 경향신문이 전했다 ▲중국 언론은 '한국 G7 참여가 별 의미 없다' 평가절하 했다 ▲주한미군 한국인 근로자 무급휴직이 15일 종료된다 ▲파주 남북산림협력센터가 준공됐다. 오늘 여의도 정치권은… ▲여야, 기본소득 입법경쟁 속도전을 다수 언론이 보도했다 ▲민주당 일각에선 2차 재난지원금이 거론되고 있다 ▲김종인 비대위원장은 '빵 먹을 자유론'을 거론하며 기본소득을 공식화했다 ▲민주당의 5일 본회의 강행 방침에 통합당은 '단독 국회는 불법'이라고 반발했다 ▲질본이 '청'으로 승격되고 복지부에 보건차관이 신설됐다 ▲민주당은 K브랜드위를 설치한다 ▲손경식 경총 회장은 김태년 민주당 원내대표를 만나 주 52시간제 보완을 요청했다.▲'지역순회 이낙연, 선거운동 시작?'을 한겨레신문이 보도했다 ▲김부겸 전 의원이 정 총리를 만난 후 당권 도전을 공식화했다고 한국일보가 썼다 ▲이해찬-김종인이 만나 신경전을 벌였다 ▲177석만 믿고… '선' 넘는 여당을 경향신문이 보도했다 ▲통합당·국민의당은 민주당 윤미향 의원 윤리위 제소를 추진한다. 오늘 정부와 검찰·경찰·법원은… ▲국세청은 스타벅스코리아에 특별 세무조사를 실시한다 ▲정부는 수소경제·드론·바이오헬스 등 신산업 규제 35건을 해소했다 ▲금융위는 영세가맹점엔 주말에도 카드사 대출을 허용한다 ▲금감원은 작년 사업보고서 절반이 재무사항 미흡이라고 밝혔다 ▲이재갑 고용부장관은 김영란 대법 양형위원장을 만나 '산재 사망사고 양형기준 상향'을 요청했다 ▲산자부는 광주·울산·시흥 3곳을 경제자유구역으로 추가 지정했다 ▲국토교통부는 지난 3일 K-드론 시스템 시연회를 개최했다 ▲권익위는 '군 복무 중 스트레스' 자살을 '보훈보상자'로 인정했다 ▲박원순 서울시장은 '서울시, 2050년 탄소배출 0' 기후비전을 발표했다 ▲이재명 경기지사는 경향신문 인터뷰에서 '불공정에 대한 분노가 내 정치 동력'이라고 말했다. ▲이재용 삼성 부회장이 검찰수사심의위 소집을 신청했다 ▲검찰수사심의위는 시민위→심의위 2단계로 논의하며 검찰은 따를 의무는 없지만 대부분 수용한다고 조선일보가 썼다 ▲이재용 판 흔들기… 구속 갈림길에 시간 벌고 동정론 '노림수'를 한겨레신문이 1면에 전했다 ▲검찰 이어 재벌개혁에 나선 추미애 법무부장관이 상법 개정안 재추진에 시동을 걸었다고 세계일보가 전했다 ▲KBS는 여자 화장실 몰카 사건을 사과했다. 오늘 세계경제와 우리 기업은… ▲세계 주요국 증시가 고점 대비 90% 수준을 회복했다 ▲미국은 EU와 영·인도·이탈리아 등 9개국 디지털세를 조사한다 ▲중국 5월 자동차 판매가 12% 증가했다 ▲EU가 기업 사냥 '차이나머니'에 빗장을 건다고 매일경제가 보도했다 ▲감원, 투자 축소… 글로벌 에너지 기업들 살벌한 구조조정을 조선경제가 1면에 썼다. ▲한국은행은 기업 매출이 4년만에 역성장하고 3곳 중 1곳은 이자도 못낸다고 밝혔다 ▲경제는 바닥인데… 증시 '불안한 랠리'를 파이낸셜뉴스가 1면 보도했다 ▲LG전자·KT·LG유플러스 AI 동맹이 탄생해 삼성·SKT·카카오 연합과 경쟁한다 ▲SKT는 언택트 그룹면접을 실시한다 ▲독일 4사가 국내 수입차 시장에서 독주하고 있다. 오늘 문화예술은… ▲영화 '기생충'이 대종상 5관왕에 올랐다. 이병헌, 정유미가 각각 남녀주연상을 수상했다. 저작권자(c) 오마이뉴스(시민기자), 무단 전재 및 재배포 금지덧붙이는 글 | 필자는 시대정신연구소장으로 이 글은 또바기뉴스(ddobaginews.com)에서도 볼 수 있습니다.▶코로나19 속보 보기 [오라이브]▶네이버에서 오마이뉴스 채널 구독하기▶<삶을 위한 수업> 덴마크 교사들의 수업 철학
",2020.06.04,38.281643,31.219738,1
뉴시스,"증평군보건소, 코로나19 중단 105일만인 8일부터 업무재개",https://news.naver.com/main/read.nhn?mode=LSD&mid=sec&sid1=102&oid=003&aid=0009897050,"
일반·한방·치과진료 등 보건업무와 제증명 발급


원본보기

[증평=뉴시스]증평군보건소 전경. (사진=증평군 제공) photo@newsis.com [증평=뉴시스] 강신욱 기자 = 충북 증평군보건소(소장 연영미)는 오는 8일부터 업무를 재개한다고 4일 밝혔다.신종 코로나바이러스 감염증(코로나19) 확산으로 지난 2월24일 업무를 중단한 지 105일 만이다.이번에 재개하는 업무는 일반·한방·치과진료, 물리치료, 예방접종 등 보건 업무와 운전면허 신체검사, 건강진단서 등 보건 관련 제증명 발급이다.다만 제증명 발급 업무는 주민등록상 거주지와 사업장 소재지가 증평군에 속해야 이용할 수 있도록 제한했다. 민원인 간 접촉을 최소화하기 위한 조처다.보건소가 운영하는 각종 보건 프로그램은 코로나19 사태 추이를 지켜보며 재개 여부를 결정한다.업무 재개와는 별개로 선별진료소는 코로나19 사태가 끝날 때까지 계속 운영한다.보건소 이용 때는 발열 검사와 마스크 착용 등 생활 속 거리두기 지침을 준수해야 한다.증평군에서는 지난 2월21일 육군 모 부대 소속 대위와 3월25일 미국을 다녀온 주민이 코로나19 확진 판정을 받아 치료 후 완치·퇴원했다.이후 지금까지는 추가 확진자가 나오지 않고 있다.지난 3일 오후 5시를 기준으로 증평군보건소 선별진료소에서는 525명을 검사해 2명을 제외한 523명이 ‘음성’ 판정을 받았다. 자가격리자는 24명이다.☞공감언론 뉴시스 ksw64@newsis.com▶ 네이버에서 뉴시스 구독하기▶ K-Artprice, 유명 미술작품 가격 공개▶ 뉴시스 빅데이터 MSI 주가시세표 바로가기<ⓒ 공감언론 뉴시스통신사. 무단전재-재배포 금지>
		",2020.06.04,26.93508,2.373467,3
아시아경제,육산 인근 옛 화랑대역 '철도문화공원'으로 조성,https://news.naver.com/main/read.nhn?mode=LSD&mid=sec&sid1=101&oid=277&aid=0004691682,"



원본보기

[아시아경제 김유리 기자] 서울 노원구 육군사관학교 인근 옛 화랑대역이 '철도문화공원'으로 조성된다.서울시는 3일 제8차 도시계획위원회를 열고 노원구 공릉동 구 화랑대역 일대 도시계획시설(녹지, 광장, 공원) 결정(변경)안을 원안가결했다고 4일 밝혔다.'경춘선 숲길 화랑대 철도공원'은 2010년 폐선된 경춘선의 '경춘선숲길조성사업(2009~2018)'의 일환으로 구 화랑대역 일대를 공원화한 지역이다. 대상지 내 시설관리가 이원화돼 있는 경춘선 숲길(서울시)과 연결녹지, 경관광장(노원구) 등을 효율적으로 관리하고, 철도와 문화를 테마로 하는 공원을 조성하기 위해 도시계획시설(문화공원)으로의 변경이 추진됐다.이번 녹지 및 경관광장의 문화공원 변경안을 통해 화랑대역의 가치를 콘텐츠화 한 철도와시간박물관, 철도미니어처관, 기차테마카페 등이 조성된다.서울시는 ""구 화랑대역 일대가 문화공원으로 조성돼 다양한 콘텐츠가 만들어지면 시민 문화 욕구가 충족되고 삶의 질 향상에도 기여할 것으로 기대된다""고 말했다.


원본보기

김유리 기자 yr61@asiae.co.kr▶ 2020년 하반기, 재물운·연애운·건강운 체크!▶ 네이버에서 아시아경제 뉴스를 받아보세요 ▶ 놀 준비 되었다면 드루와!  드링킷!<ⓒ경제를 보는 눈, 세계를 보는 창 아시아경제 무단전재 배포금지>
		",2020.06.04,14.68284,55.9253,1
YTN,"""미 국방장관, 워싱턴DC 인근 현역병력 철수 결정 번복""",https://news.naver.com/main/read.nhn?mode=LSD&mid=sec&sid1=104&oid=052&aid=0001448216,"
			마크 에스퍼 미국 국방장관이 '흑인 사망' 항의 시위 사태 확산과 관련해 워싱턴DC 인근에 배치한 현역 병력 일부에 대한 원대복귀 결정을 번복했다고 AP통신이 현지 시간 3일 보도했습니다.통신은, 에스퍼 장관이 백악관 회의와 국방부 내부 논의에 참석한 뒤 이 같은 결정을 내렸다고 라이언 매카시 미 육군장관의 발언을 인용해 전했습니다.매카시 육군장관은 이날 오전 10시쯤 약 200명의 82공수부대 병력을 노스캐롤라이나 포트브래그 기지로 다시 돌려보내라는 지침을 하달받았으나 몇 시간 뒤 에스퍼 장관이 이러한 결정을 번복했다는 전달을 받았다고 AP통신에 전했습니다.앞서 에스퍼 국방 장관은 이날 오전 브리핑을 자청해 ""법 집행에 병력을 동원하는 것은 최후 수단으로만, 가장 급박하고 심각한 상황에서만 사용돼야 한다""며 트럼프 대통령의 군 동원 방침에 반기를 들었습니다.백악관이 이후 트럼프 대통령은 필요하다면 폭동진압법을 발동할 것이라며 군 동원 방침을 재확인한 가운데 에스퍼 장관이 입장을 바꾼 것이라는 관측이 나옵니다.앞서 미 국방부는 수도 워싱턴DC에서 인종차별 반대 시위가 계속되자 현역 육군 병력 1천600명을 수도 인근에 배치했다고 전날 발표했습니다.[저작권자(c) YTN & YTN PLUS 무단전재 및 재배포 금지] ▶ 이 시각 코로나19 확진자 현황을 확인하세요.  ▶ 대한민국 대표 뉴스 채널 YTN 생방송보기  ▶ 네이버에서 YTN 뉴스 채널 구독하기 
",2020.06.04,124.38245,0.73063326,0
서울경제,"“에스퍼, 워싱턴 인근 배치 병력 일부 원대복귀 결정 번복”",https://news.naver.com/main/read.nhn?mode=LSD&mid=sec&sid1=104&oid=011&aid=0003748407,"
트럼프 군동원에 ‘반기’ 에스퍼, 백악관 다녀온뒤 선회


원본보기

2일(현지시간) 미국 수도 워싱턴DC 백악관 주변으로 ‘흑인 사망’ 시위대가 몰려들자 경찰이 주변 경비를 강화하고 있다. /AFP연합뉴스[서울경제] 마크 에스퍼 미국 국방장관이 ‘흑인 사망’ 시위 사태 확산과 관련, 워싱턴DC 인근에 배치한 현역 병력 일부에 대한 원대복귀 결정을 뒤집었다고 파이낸셜타임스(FT)가 3일(현지시간) 보도했다.FT에 따르면 라이언 매카시 미 육군장관은 에스퍼 장관의 이러한 번복이 에스퍼 장관이 백악관 회의 및 국방부 내부 논의에 참석한 뒤 이뤄졌다고 밝혔다.매카시 장관은 이날 오전 10시가 넘은 시각, 약 200명의 82 공수부대 병력을 노스캐롤라이나 포트브래그 기지로 다시 돌려보내라는 지침을 하달받았으나 몇시간 뒤 에스퍼 장관이 이러한 결정을 번복했다는 전달을 받은 것으로 전해졌다.매카시 장관은 이러한 결정 변동과 관련, 필요하면 해당 지역 내 시위 문제 대응 관련 군 지원을 충분히 확보하기 위한 차원이라고 설명했다고 FT는 설명했다.앞서 에스퍼 장관은 이날 오전 브리핑을 자청, “법 집행에 병력을 동원하는 선택지는 마지막 수단으로만, 가장 시급하고 심각한 상황에서만 사용돼야 한다. 우리는 지금 그런 상황에 있지 않다”며 도널드 트럼프 미 대통령의 군 동원을 통한 시위 진압 방침에 공개적으로 반대 입장을 밝혔다. 하지만 이후 트럼프 대통령은 필요하다면 폭동진압법을 사용할 것이라며 시위진압을 통한 군 동원 방침을 재확인했다. 이에 에스퍼 장관이 입장을 바꾼 것이라는 관측이 나온다. 다만 에스퍼 장관이 트럼프 대통령을 직접 만났는지는 불분명하다고 전했다. /이현호기자 hhlee@sedaily.com[서울경제 바로가기]▶ 네이버 채널에서 '서울경제' 구독해주세요!▶ 세상 모든 것에 대해 던지는 질문, 왜(WHY)?저작권자 ⓒ 서울경제, 무단 전재 및 재배포 금지
		",2020.06.04,120.35536,36.636185,0
이데일리,"미군, 워싱턴DC 인근에 군 병력 증강…현역육군 1600명 배치",https://news.naver.com/main/read.nhn?mode=LSD&mid=sec&sid1=104&oid=018&aid=0004656276,"
			[이데일리 황효원 기자] 미국 국방부가 워싱턴DC에서 인종차별 반대 시위가 계속되자 강경 진압 방침을 천명한 가운데 당국이 워싱턴DC 주변의 경비 강화를 위해 육군 병력 1600명을 배치했다.


원본보기

(사진=연합뉴스)조너선 호프만 국방부 대변인은 “군 병력이 수도 지역(NCR)에 있는 군 기지에서 경계 태세를 갖추고 있다”며 “다만 병력이 워싱턴DC 내부에 있는 것은 아니며 시위 대응을 위한 민간 작전에 참여하고 있지 않다”고 로이터 통신이 2일(현지시간) 전했다.호프만 대변인은 “대기 중인 병력에는 군사경찰(헌병)과 보병대대 등이 포함돼 있다”고 밝혔다.이와 관련해 한 국방부 고위 관료는 해당 병력이 워싱턴DC로 이동할 수도 있다고 밝혔다고 통신은 전했다.이에 따라 백악관을 포함한 주요 시설이 위치한 워싱턴DC에서 경찰 병력으로만 시위 대응이 어려울 경우 군 병력을 투입하는 것 아니냐는 관측이 나온다.앞서 마크 에스퍼 국방장관은 워싱턴DC의 치안 유지를 위해 인근 일부 주에 주 방위군 파견을 요청했으나 버지니아·뉴욕·펜실베이니아·델라웨어주 등 민주당 주지사가 있는 4개 주가 이 요청을 거절한 것으로 알려졌다.도널드 트럼프 대통령은 조지 플로이드 사망 사건에 따른 폭력 시위가 악화될 경우 주정부의 요청 없이도 대통령의 판단에 따라 연방군을 투입하는 폭동진압법 발동을 검토하고 있다. 조지프 렝겔 주방위군 사령관은 이날 기자회견에서 전날 밤 시위 상황과 관련해 “전국에 걸쳐 지난밤 상황은 호전됐다. 우리는 폭력의 감소를 보았다”면서도 “전체적으로 시위는 비슷한 수준이거나 오히려 증가세를 보였다”고 밝혔다고 통신은 전했다. 그는 또한 인디애나, 사우스캐롤라이나, 테네시주에 있던 1천500명의 주 방위군 병력이 워싱턴DC에 추가 투입된다고 밝혔다.CNN방송은 “이번 시위 사태에 따른 주 방위군 투입 규모는 이라크, 시리아, 아프가니스탄에 파견된 병력과 거의 동일하다”고 전했다.이번 사태 대응을 위해 2만명 이상의 주 방위군 병력이 미전역에서 가동됐다고 국방부 당국자를 인용해 보도했다.황효원 (woniii@edaily.co.kr)네이버에서 ‘이데일리’ 구독하기▶청춘뉘우스~ 스냅타임▶＜ⓒ종합 경제정보 미디어 이데일리 - 무단전재 & 재배포 금지＞
",2020.06.04,-11.894788,46.768192,2
뉴시스,"AP ""에스퍼 美국방, 워싱턴 배치 병력 복귀 결정 번복""",https://news.naver.com/main/read.nhn?mode=LSD&mid=sec&sid1=104&oid=003&aid=0009896854,"
백악관 회의 이후 말 바꿔…경질설에 자세 낮추나


원본보기

[워싱턴=AP/뉴시스]마크 에스퍼 미 국방장관이 지난 4월1일 워싱턴 백악관에서 브리핑을 하고 있다. 에스퍼 장관은 3일(현지시간) ""현 상황은 시위 진압을 위해 군을 동원해 법을 집행하는 것을 정당화할 수 없다""고 말했다. 2020.06.04[서울=뉴시스] 남빛나라 기자 = 마크 에스퍼 미국 국방장관이 수도 워싱턴D.C 인근에 배치한 현역 병력에 대한 원대 복귀 결정을 번복했다는 보도가 나왔다. 대통령 직권으로 주에 군대를 동원할 수 있는 폭동진압법(Insurrection Act)에 반대한다고 밝히면서 도널드 트럼프 대통령과 엇박자를 낸 가운데 나온 결정이다.3일(현지시간) AP통신에 따르면 라이언 매카시 미 육군장관은 에스퍼 장관이 백악관 회의에 참석한 뒤 이 같은 결정 번복이 이뤄졌다고 밝혔다. 에스퍼 장관이 트럼프 대통령을 만났는지는 알려지지 않았다. 매카시 장관은 유사시 시위 문제에 대응할 수 있는 충분한 군사 지원을 워싱턴D.C에서 확보하기 위한 목적이라고 밝혔다. 그는 이날 오전 10시 이후 82 공수부대 신속대응부대(IRF) 200명을 노스캐롤라이나주 포트브래그 기지로 복귀 조치하라는 국방부 명령을 받았다. 하지만 몇 시간 뒤 국방부는 에스퍼 장관이 결정을 바꿨다고 통보했다. 에스퍼 장관은 군 배치 관련 최종 결정권자지만 합참 등 다른 군 관계자도 논의에 참여한다고 AP는 전했다.매카시 장관은 ""매우 유동적인 상황""이라면서 ""82 공수부대는 24시간 더 주둔할 것""이라고 설명했다. 에스퍼 장관은 앞서 이날 브리핑에서 ""사법 집행에 현역 병력을 사용하는 선택은 최후의 수단이어야만 한다""며 ""지금 우리는 그런 상황에 있지 않다. 나는 폭동진압법 발동을 지지하지 않는다""고 밝혔다.이를 두고 미 언론에서는 에스퍼 장관이 경질될 가능성도 거론 중인 상황이다.흑인 조지 플로이드 사망을 규탄하는 시위 사태에서 국방부는 워싱턴DC 인근에 현역 육군 병력 1600명을 배치한 바 있다. 다만 시위를 진압하는 데 투입하지는 않았다.☞공감언론 뉴시스 south@newsis.com▶ 네이버에서 뉴시스 구독하기▶ K-Artprice, 유명 미술작품 가격 공개▶ 뉴시스 빅데이터 MSI 주가시세표 바로가기<ⓒ 공감언론 뉴시스통신사. 무단전재-재배포 금지>
		",2020.06.04,-26.732378,0.7629478,0
조세일보,미국 시위 중에 대통령 vs 국방장관 충돌,https://news.naver.com/main/read.nhn?mode=LSD&mid=sec&sid1=102&oid=123&aid=0002224857,"
국방장관, 시위 진압위해 군대 동원 반대 ""폭동진압법은 가장 긴급하고 심각한 상황에서만 발동해야""백악관 ""필요시 폭동진압법 사용"" 재확인 미 언론, 국방장관 경질 가능성 거론


원본보기

◆…마크 에스퍼 미국 국방장관 [사진=연합뉴스]마크 에스퍼 미국 국방장관이 3일(현지시간) 시위를 진압하는 데 군 병력을 동원하는 것에 반대한다는 입장을 밝혔다.에스퍼 장관은 이날 브리핑에서 ""폭동진압법은 미국에서 가장 긴급하고 심각한 상황에서만 발동돼야 한다""면서 ""우리는 지금 그런 상황에 있지 않다""고 말했다. 이어 조지 플로이드가 사망한 사건에 대해 ""끔찍한 범죄""라면서 ""인종차별은 미국에 실재하고 우리는 이를 인정하고 바로잡는 데 최선을 다해야 한다""고 강조했다.도널드 트럼프 미국 대통령은 지난 1일(현지시간) 미국 전역의 폭력시위 사태와 관련해 진압을 위해 군대를 동원할 수 있다며 강경대응 방침을 밝혔다. 이미 2일에 약 1,600명의 현역 육군 병력이 수도 워싱턴DC 바로 외곽의 군사 기지로 이동했으며 아직 시내에는 진입하지 않았다. 케일리 매커너니 백악관 대변인은 에스퍼 장관의 발언 후 트럼프 대통령이 강경대응 방침을 계속 진행할 의사가 있다고 밝혔다. 매커너니 대변인은 이날 브리핑에서 ""필요하다면 트럼프 대통령은 폭동진압법을 사용할 것""이라고 말했다. 매커너니 대변인은 트럼프 대통령이 여전히 국방장관에 대한 신뢰를 갖고 있느냐는 거듭된 질문에는 ""지금 현재로선 에스퍼 장관은 여전히 국방장관""이라며 ""대통령이 에스퍼 장관에 대한 신뢰를 잃어 버렸다면 여러분이 먼저 알게 될 것""이라고 말했다. 이에 미국 언론들은 에스퍼 장관의 경질 가능성까지 제기하고 있다. CNN은 트럼프 대통령과 로버트 오브라이언 미국 백악관 국가안보보좌관을 포함한 일부 참모들이 에스퍼 장관의 이날 발언에 대해 분개했다고 전했다. 백악관은 군대 동원 문제와 관련해 에스퍼 장관이 공개적으로 트럼프 대통령과 반대 입장을 발표하는 것에 대해 미리 들은 것도 없었다는 것이다.CNN은 트럼프 대통령이 최근 몇 주 동안 에스퍼 장관에 대한 불만을 표출했으며, 이번 발언으로 이러한 상황은 심화될 것으로 보인다고 보도했다. 백악관의 관계자들은 그간 에스퍼 장관의 업무 능력이나 대통령의 정책을 적극적으로 받아들이지 않는 태도로 트럼프 대통령과 오브라이언 보좌관의 신뢰를 잃어왔다고 전했다.그러나 일부 관계자들은 현재의 혼란한 상황과 재선이 5개월 남은 사실을 감안할 때 경질은 무리라는 입장을 보였다.로이터통신은 미국 국방부 고위 관리들도 연방군 투입에는 회의적인 입장이며 시위 진압을 위해서 주방위군에 의존하는 것이 더 낫다는 입장을 보이고 있다고 전했다.▶ 조세일보 홈페이지 / 정회원 가입▶ 조세일보 네이버 뉴스스탠드 구독(종합/경제)형수경(hysk@joseilbo.com)저작권자 ⓒ 조세일보(http://www.joseilbo.com). 무단전재 및 재배포 금지
		",2020.06.04,25.125912,-67.12434,4
MBC,"""에스퍼, 워싱턴 인근 배치 병력 일부 원대복귀 결정 번복""",https://news.naver.com/main/read.nhn?mode=LSD&mid=sec&sid1=104&oid=214&aid=0001042493,"



원본보기

마크 에스퍼 미국 국방장관이 '흑인 사망' 시위 사태 확산과 관련해 워싱턴DC 인근에 배치한 현역 병력 일부에 대한 원대복귀 결정을 뒤집었다고 AP통신이 보도했습니다.통신은 현지시간 3일 라이언 매카시 미 육군장관의 말을 인용해 에스퍼 장관이 백악관 회의와 국방부 내부 논의에 참석한 뒤 이같은 결정을 내렸다고 전했습니다.매카시 장관은 이날 오전 10시가 넘은 시각, 약 200명의 82 공수부대 병력을 노스캐롤라이나 포트브래그 기지로 다시 돌려보내라는 지침을 하달받았으나 몇시간 뒤 에스퍼 장관이 이러한 결정을 번복했다는 전달을 받았다고 밝혔습니다.매카시 장관은 필요하면 해당 지역 내 시위 문제 대응과 관련해 군 지원을 충분히 확보하기 위한 차원이라고 설명했습니다.윤지윤 기자 (yjy2@mbc.co.kr)[저작권자(c) MBC (https://imnews.imbc.com) 무단복제-재배포 금지]▶ 네이버 홈에서 [MBC뉴스] 채널 구독하기▶ 새로움을 탐험하다. ""엠빅뉴스""▶ MBC 14층 사람들이 만든 뉴스 ""14F""Copyright(c) Since 1996, MBC&iMBC All rights reserved.
		",2020.06.04,-74.64666,56.872765,0
MBN,"""에스퍼 국방장관, 워싱턴 배치 병력 일부 복귀 결정 번복""",https://news.naver.com/main/read.nhn?mode=LSD&mid=sec&sid1=104&oid=057&aid=0001462207,"



원본보기

백악관 경비 강화하는 미국 경찰 / 사진=워싱턴 AFP마크 에스퍼 미국 국방장관이 '흑인 사망' 시위 사태 확산과 관련, 워싱턴DC 인근에 배치한 현역 병력 일부에 대한 원대복귀 결정을 뒤집었다고 AP통신이 현지시간으로 오늘(3일) 보도했습니다.라이언 매카시 미 육군장관은 에스퍼 장관의 이러한 번복이 에스퍼 장관이 백악관 회의 및 국방부 내부 논의에 참석한 뒤 이뤄진 것이라고 AP통신에 이날 밝혔습니다.매카시 장관은 이날 오전 10시가 넘은 시각, 약 200명의 82 공수부대 병력을 노스캐롤라이나 포트브래그 기지로 다시 돌려보내라는 지침을 하달받았으나 몇 시간 뒤 에스퍼 장관이 이러한 결정을 번복했다는 전달을 받았다고 AP통신에 전했습니다.매카시 장관은 이러한 결정 변동과 관련, 필요하면 해당 지역 내 시위 문제 대응 관련 군 지원을 충분히 확보하기 위한 차원이라고 설명했다고 AP통신이 전했습니다.앞서 에스퍼 장관은 이날 오전 브리핑을 자청, ""법 집행에 병력을 동원하는 선택지는 마지막 수단으로만, 가장 시급하고 심각한 상황에서만 사용돼야 한다. 우리는 지금 그런 상황에 있지 않다""며 도널드 트럼프 미 대통령의 군 동원을 통한 시위 진압 방침에 '공개 반기'를 든 바 있습니다.백악관이 이후 트럼프 대통령은 필요하다면 폭동진압법을 사용할 것이라며 시위진압을 통한 군 동원 방침을 재확인한 가운데에스퍼 장관이 태도를 바꾼 것이라는 관측이 나옵니다.다만 AP통신은 에스퍼 장관이 트럼프 대통령을 직접 만났는지는 불분명하다고 전했습니다.매카시 장관은 ""역동적인 상황""이라며 82 공수부대 병력이 24시간 더 워싱턴DC 인근에 머문 다음 이들을 다시 노스캐롤라이나 기지로 철수시키기 위해 노력할 것이라고 말했습니다.앞서 미 국방부는 수도인 워싱턴DC에서 인종차별 반대 시위가 계속되자 현역 육군 병력 1천600명을 배치했다고 전날 발표한 바 있습니다.조너선 호프먼 국방부 대변인은 ""군 병력이 수도 지역에 있는 군 기지에서 경계 태세를 갖추고 있다""며 ""다만 병력이 워싱턴DC 내부에 있는 것은 아니며, 시위 대응을 위한 민간 작전에 참여하고 있지 않다""고 로이터 통신이 현지시간으로 어제(2일) 밝혔었습니다.[MBN 온라인뉴스팀]▶ 네이버 메인에서 MBN뉴스를 만나보세요!▶ MBN 무료 고화질 온에어 서비스 GO!▶ 김주하의 '이 한 장의 사진'< Copyright ⓒ MBN(www.mbn.co.kr) 무단전재 및 재배포 금지 >
		",2020.06.04,-84.53468,-6.6561365,0
한국경제TV,"트럼프 ""군 동원, 꼭 그래야한다고 생각지 않아...상황에 달려""",https://news.naver.com/main/read.nhn?mode=LSD&mid=sec&sid1=104&oid=215&aid=0000875773,"
[한국경제TV 이영호 기자]


원본보기

도널드 트럼프 미국 대통령은 3일(현지시간) '흑인 사망' 시위 확산 사태와 관련, 군 병력을 투입할 필요가 있을 것이라고 믿지 않는다고 말했다고 로이터통신이 보도했다.트럼프 대통령은 이날 인터넷매체 뉴스맥스와의 인터뷰에서 ""그건 상황에 달려있다""며 ""우리가 그래야 할 것이라고 생각하지 않는다""고 말했다고 통신이 전했다.앞서 트럼프 대통령은 지난 1일 기자회견에서 주 정부가 너무 약하게 대응한다는 불만을 표시하면서 주지사가 주 방위군을 동원하지 않으면 대통령 권한을 활용해 자신이 직접 군대를 배치하겠다며 강경 대응 방침을 천명한 바 있다.한편 마크 에스퍼 미국 국방장관이 '흑인 사망' 시위 사태 확산과 관련, 워싱턴DC 인근에 배치한 현역 병력 일부에 대한 원대복귀 결정을 뒤집었다고 AP통신이 이날 보도했다.라이언 매카시 미 육군장관은 에스퍼 장관의 이러한 번복이 에스퍼 장관이 백악관 회의 및 국방부 내부 논의에 참석한 뒤 이뤄진 것이라고 AP통신에 이날 밝혔다.매카시 장관은 이날 오전 10시가 넘은 시각, 약 200명의 82 공수부대 병력을 노스캐롤라이나 포트브래그 기지로 다시 돌려보내라는 지침을 하달받았으나 몇시간 뒤 에스퍼 장관이 이러한 결정을 번복했다는 전달을 받았다고 AP통신에 전했다.매카시 장관은 이러한 결정 변동과 관련, 필요하면 해당 지역 내 시위 문제 대응 관련 군 지원을 충분히 확보하기 위한 차원이라고 설명했다고 AP통신이 전했다.에스퍼 장관은 이날 오전 브리핑을 자청, ""법 집행에 병력을 동원하는 선택지는 마지막 수단으로만, 가장 시급하고 심각한 상황에서만 사용돼야 한다. 우리는 지금 그런 상황에 있지 않다""며 도널드 트럼프 미 대통령의 군 동원을 통한 시위 진압 방침에 '공개 반기'를 든 바 있다.이영호기자 hoya@wowtv.co.kr▶ 네이버 홈에서 [한국경제TV] 채널 구독하기 [생방송보기]▶ 대한민국 재테크 총집결! - [증권 / 주식상담 / 부동산]ⓒ 한국경제TV, 무단 전재 및 재배포 금지
		",2020.06.04,-61.600533,25.010061,0
KBS,"“에스퍼 국방장관, 워싱턴 인근 배치 병력 일부 원대 복귀 결정 번복”",https://news.naver.com/main/read.nhn?mode=LSD&mid=sec&sid1=104&oid=056&aid=0010846542,"



원본보기

 마크 에스퍼 미국 국방장관이 '흑인 사망' 시위 사태 확산과 관련해, 워싱턴DC 인근에 배치한 현역 병력 일부에 대한 원대 복귀 결정을 번복했다고 AP통신이 3일(현지시간) 보도했습니다. 라이언 매카시 미 육군 장관은 에스퍼 장관의 이러한 번복이 에스퍼 장관이 백악관 회의 및 국방부 내부 논의에 참석한 뒤 이뤄진 것이라고 AP통신에 밝혔습니다. 매카시 장관은 이날 오전 10시가 넘은 시각, 약 200명의 82 공수부대 병력을 노스캐롤라이나 포트브래그 기지로 다시 돌려보내라는 지침을 하달받았으나 몇 시간 뒤 에스퍼 장관이 이러한 결정을 번복했다는 전달을 받았다고 AP통신에 전했습니다. 매카시 장관은 또 필요하면 해당 지역 내 시위 문제 대응 관련 군 지원을 충분히 확보하기 위한 차원이라고 설명했습니다. 앞서 에스퍼 장관은 이날 오전 브리핑을 자청해, ""법 집행에 병력을 동원하는 선택지는 마지막 수단으로만, 가장 시급하고 심각한 상황에서만 사용돼야 한다. 우리는 지금 그런 상황에 있지 않다""며 도널드 트럼프 미 대통령의 군 동원을 통한 시위 진압 방침에 '공개 반기'를 들었습니다. 그러나 백악관이 이후 트럼프 대통령은 필요하다면 폭동진압법을 사용할 것이라며 시위진압을 통한 군 동원 방침을 재확인하면서 에스퍼 장관이 입장을 바꾼 것이라는 관측이 나오고 있습니다. AP통신은 다만 에스퍼 장관이 트럼프 대통령을 직접 만났는지는 불분명하다고 전했습니다. 매카시 장관은 ""역동적인 상황""이라며 82 공수부대 병력이 24시간 더 워싱턴DC 인근에 머문 다음 이들을 다시 노스캐롤라이나 기지로 철수시키기 위해 노력할 것이라고 말했습니다. 앞서 미 국방부는 수도인 워싱턴DC에서 인종차별 반대 시위가 계속되자 현역 육군 병력 1천600명을 배치했다고 전날 발표했습니다. 이와 관련해 조너선 호프먼 국방부 대변인은 ""군 병력이 수도 지역에 있는 군 기지에서 경계 태세를 갖추고 있다""며 ""다만 병력이 워싱턴DC 내부에 있는 것은 아니며, 시위 대응을 위한 민간 작전에 참여하고 있지 않다""고 로이터 통신이 2일(현지시간) 보도했습니다. [사진 출처 : AFP=연합뉴스]윤영란 기자 (ranny@kbs.co.kr)▶ ‘코로나19 팩트체크’ 제대로 알아야 이긴다▶ 우리 동네 무슨 일이? KBS지역뉴스▶ 더 빠르고 정확한 소식을 원하시면 KBS뉴스 구독!
",2020.06.04,-46.60317,68.68734,0
한국경제,"에스퍼 美 국방, 워싱턴 배치 일부 군인 복귀 결정 '번복'",https://news.naver.com/main/read.nhn?mode=LSD&mid=sec&sid1=104&oid=015&aid=0004353590,"
에스퍼, 백악관 다녀온 뒤 입장 선회앞서서는 트럼프 군동원에 '반기'


원본보기

지난 2일(현지시간) 미국 텍사스 주 휴스턴에서 시위대가 말을 타고 미국 백인 경찰의 가혹 행위로 흑인 남성 조지 플로이드가 사망한 사건에 항의하는 시위를 벌이고 있다. 사진=로이터도널드 트럼프 미국 대통령의 군동원에 공개적으로 반기를 들었던 마크 에스퍼 미 국방장관이 꼬리를 내리는 모습을 보였다. 3일(현지시간) 외신 등에 따르면 에스퍼 장관은 '흑인 사망' 시위 사태와 관련해, 워싱턴DC 인근에 배치한 현역 군인 일부에 대한 원대복귀 결정을 내렸다가, 이를 번복했다. 라이언 매카시 미 육군장관은 에스퍼 장관의 이러한 번복이 백악관 회의 및 국방부 내부 논의에 참석한 뒤 이뤄진 것이라고 밝혔다. 매카시 장관은 이날 오전 10시 이후, 약 200명의 82 공수부대 병력을 노스캐롤라이나 포트브래그 기지로 다시 돌려보내라는 지침을 받았으나, 몇시간 뒤 에스퍼 장관이 이러한 결정을 번복했다고 했다. 이는 시위 문제 대응 관련 군 지원을 충분히 확보하기 위한 차원이라고 설명했다. 앞서 에스퍼 장관은 시위 사태에 정규군을 동원하겠다는 트럼프 대통령의 발언에 반발했다. 그는 워싱턴DC 국방부에서 가진 기자회견에서 ""시위 진압을 위한 '폭동진압법' 발동에 반대한다""고 말했다.  에스퍼 장관은 ""법 집행에 현역 군을 동원하는 건 최후의 수단으로, 가장 시급하고 절실한 상황에서만 사용돼야 한다""며 ""우린 지금 그런 상황이 아니다""고 강조했다.  1807년 발효된 폭동진압법에 따라 미 대통령은 국내 소요사태 및 반란 진압 목적으로 군 병력을 배치할 수 있다. 마지막으로 발동된 건 1992년 흑인 로드니 킹 사건으로 촉발된 로스앤젤레스(LA) 폭동 때다. 에스퍼 장관의 기자회견 후 백악관은 트럼프 대통령은 필요하다면 폭동진압법을 사용할 것이라며 정규군 동원 방침을 재확인했다. 에스퍼 장관의 번복은 백악관의 발표 후 이뤄졌다.미 국방부는 수도인 워싱턴DC에서 인종차별 반대 시위가 계속되자 현역 육군 병력 1600명을 배치했다고 전날 발표했다. 한민수 한경닷컴 기자 hms@hankyung.com▶ 네이버에서 한국경제 뉴스를 받아보세요▶ 한경닷컴 바로가기  ▶ 모바일한경 구독신청 ⓒ 한국경제 & hankyung.com, 무단전재 및 재배포 금지
		",2020.06.04,-52.059334,-3.556665,0
SBS,"""에스퍼, 워싱턴 인근 배치 병력 일부 원대복귀 결정 번복""",https://news.naver.com/main/read.nhn?mode=LSD&mid=sec&sid1=104&oid=055&aid=0000819104,"



원본보기

마크 에스퍼 미국 국방장관이 '흑인 사망' 시위 사태 확산과 관련, 워싱턴DC 인근에 배치한 현역 병력 일부에 대한 원대복귀 결정을 뒤집었다고 AP통신이 3일(현지시간) 보도했습니다.라이언 매카시 미 육군장관은 에스퍼 장관의 이러한 번복이 에스퍼 장관이 백악관 회의 및 국방부 내부 논의에 참석한 뒤 이뤄진 것이라고 AP통신에 이날 밝혔습니다.매카시 장관은 이날 오전 10시가 넘은 시각, 약 200명의 82 공수부대 병력을 노스캐롤라이나 포트브래그 기지로 다시 돌려보내라는 지침을 하달받았으나 몇시간 뒤 에스퍼 장관이 이러한 결정을 번복했다는 전달을 받았다고 AP통신에 전했습니다.매카시 장관은 이러한 결정 변동과 관련, 필요하면 해당 지역 내 시위 문제 대응 관련 군 지원을 충분히 확보하기 위한 차원이라고 설명했다고 AP통신이 전했습니다.앞서 에스퍼 장관은 이날 오전 브리핑을 자청, ""법 집행에 병력을 동원하는 선택지는 마지막 수단으로만, 가장 시급하고 심각한 상황에서만 사용돼야 한다. 우리는 지금 그런 상황에 있지 않다""며 도널드 트럼프 미 대통령의 군 동원을 통한 시위 진압 방침에 '공개 반기'를 든 바 있습니다.백악관이 이후 트럼프 대통령은 필요하다면 폭동진압법을 사용할 것이라며 시위진압을 통한 군 동원 방침을 재확인한 가운데 에스퍼 장관이 입장을 바꾼 것이라는 관측이 나옵니다.다만 AP통신은 에스퍼 장관이 트럼프 대통령을 직접 만났는지는 불분명하다고 전했습니다.매카시 장관은 ""역동적인 상황""이라며 82 공수부대 병력이 24시간 더 워싱턴DC 인근에 머문 다음 이들을 다시 노스캐롤라이나 기지로 철수시키기 위해 노력할 것이라고 말했습니다.앞서 미 국방부는 수도인 워싱턴DC에서 인종차별 반대 시위가 계속되자 현역 육군 병력 1천600명을 배치했다고 전날 발표한 바 있습니다.조너선 호프먼 국방부 대변인은 ""군 병력이 수도 지역에 있는 군 기지에서 경계 태세를 갖추고 있다""며 ""다만 병력이 워싱턴DC 내부에 있는 것은 아니며, 시위 대응을 위한 민간 작전에 참여하고 있지 않다""고 로이터 통신이 2일(현지시간) 밝혔었습니다.유영규 기자(ykyou@sbs.co.kr)▶ '친절한 애리씨' 권애리 기자의 '친절한 경제'▶ '스트롱 윤' 강경윤 기자의 '차에타봐X비밀연예'※ ⓒ SBS & SBS Digital News Lab. : 무단복제 및 재배포 금지
",2020.06.04,-94.25929,28.71775,0
TV조선,미국 시위 8일째…긴장감 여전하지만 '폭력 사태' 줄어,https://news.naver.com/main/read.nhn?mode=LSD&mid=sec&sid1=104&oid=448&aid=0000298934,"
[앵커]흑인 사망 사건에 대한 미국 내 항의 시위가 8일째 이어졌습니다. 미 전역의 긴장감은 여전하지만, 방화와 약탈 등 폭력 사태는 줄고 대체로 평화 시위가 이어지고 있는 상황입니다. 먼저 박소영 기자가 보도합니다. [리포트]시위대가 백악관 근처에 설치된 철조망 뒤에 모여 있습니다. ""흑인의 목숨은 중요하다!""경찰이 최루액을 발사하자 눈물을 흘리며 후퇴합니다. 흑인 사망 사건으로 촉발된 항의 시위가 미 전역에서 8일째 이어졌습니다. 조지 피어스 / 시위 참가자""우리나라에는 많은 인종적 불의가 있습니다. 그것은 깊이 뿌리 박혀 있습니다. (경찰의 폭력과) 소수 민족에 대한 거리에서의 폭력, 이건 그 모든 것들의 결과입니다.""곳곳에서 충돌이 발생했지만, 방화와 약탈 등 폭력 사태는 눈에 띄게 줄었습니다. 윌리엄 레이 / 시위 참가자""저는 무엇을 해야 하는지 알고 있습니다. 모든 변화는 아래에서부터 일어난다는 점도 이해하고 있죠. 대통령이나 주지사, 시장에게 의지해서는 변화를 만들 수 없습니다.""현지시간으로 4일부터로 예정된 사망 흑인 조지 플로이드의 추모식을 앞두고 시위가 진정세로 돌아설 수 있다는 관측이 나옵니다. 다만 심장부인 워싱턴DC의 긴장감은 여전합니다. 당국은 DC 인근에 현역 육군 1600명을 추가 배치했습니다. 야간 통행금지령도 이어졌습니다. 조지 플로이드 사망에 연루된 경찰 4명은 전원 기소됐습니다. 플로이드를 숨지게 한 경찰관의 혐의는 2급 살인으로 격상됐고, 다른 3명도 공모 혐의로 기소됐습니다. TV조선 박소영입니다. 박소영 기자(psys0506@chosun.com)☞ 네이버 메인에서 TV조선 구독하기☞ 더 많은 TV조선 뉴스 보기* 뉴스제보 : 이메일(tvchosun@chosun.com), 카카오톡(tv조선제보), 전화(1661-0190)- Copyrights ⓒ TV조선. 무단전재 및 재배포 금지 -
		",2020.06.04,92.08778,-27.57656,2
연합뉴스,"""에스퍼, 워싱턴 인근 배치 병력 일부 원대복귀 결정 번복""",https://news.naver.com/main/read.nhn?mode=LSD&mid=sec&sid1=104&oid=001&aid=0011654366,"
			트럼프 군동원에 '반기' 에스퍼, 백악관 다녀온뒤 선회…공수부대 병력 200명 '회군'


원본보기

백악관 경비 강화하는 미국 경찰(워싱턴 AFP=연합뉴스) 2일(현지시간) 미국 수도 워싱턴DC 백악관 주변으로 '흑인 사망' 시위대가 몰려들자 경찰이 주변 경비를 강화하고 있다. sungok@yna.co.kr(워싱턴=연합뉴스) 송수경 특파원 = 마크 에스퍼 미국 국방장관이 '흑인 사망' 시위 사태 확산과 관련, 워싱턴DC 인근에 배치한 현역 병력 일부에 대한 원대복귀 결정을 뒤집었다고 AP통신이 3일(현지시간) 보도했다.    라이언 매카시 미 육군장관은 에스퍼 장관의 이러한 번복이 에스퍼 장관이 백악관 회의 및 국방부 내부 논의에 참석한 뒤 이뤄진 것이라고 AP통신에 이날 밝혔다.    매카시 장관은 이날 오전 10시가 넘은 시각, 약 200명의 82 공수부대 병력을 노스캐롤라이나 포트브래그 기지로 다시 돌려보내라는 지침을 하달받았으나 몇시간 뒤 에스퍼 장관이 이러한 결정을 번복했다는 전달을 받았다고 AP통신에 전했다.    매카시 장관은 이러한 결정 변동과 관련, 필요하면 해당 지역 내 시위 문제 대응 관련 군 지원을 충분히 확보하기 위한 차원이라고 설명했다고 AP통신이 전했다.    앞서 에스퍼 장관은 이날 오전 브리핑을 자청, ""법 집행에 병력을 동원하는 선택지는 마지막 수단으로만, 가장 시급하고 심각한 상황에서만 사용돼야 한다. 우리는 지금 그런 상황에 있지 않다""며 도널드 트럼프 미 대통령의 군 동원을 통한 시위 진압 방침에 '공개 반기'를 든 바 있다.    백악관이 이후 트럼프 대통령은 필요하다면 폭동진압법을 사용할 것이라며 시위진압을 통한 군 동원 방침을 재확인한 가운데 에스퍼 장관이 입장을 바꾼 것이라는 관측이 나온다.     다만 AP통신은 에스퍼 장관이 트럼프 대통령을 직접 만났는지는 불분명하다고 전했다.    매카시 장관은 ""역동적인 상황""이라며 82 공수부대 병력이 24시간 더 워싱턴DC 인근에 머문 다음 이들을 다시 노스캐롤라이나 기지로 철수시키기 위해 노력할 것이라고 말했다.    앞서 미 국방부는 수도인 워싱턴DC에서 인종차별 반대 시위가 계속되자 현역 육군 병력 1천600명을 배치했다고 전날 발표한 바 있다.    조너선 호프먼 국방부 대변인은 ""군 병력이 수도 지역에 있는 군 기지에서 경계 태세를 갖추고 있다""며 ""다만 병력이 워싱턴DC 내부에 있는 것은 아니며, 시위 대응을 위한 민간 작전에 참여하고 있지 않다""고 로이터 통신이 2일(현지시간) 밝혔었다.    hanksong@yna.co.kr▶코로나19 속보는 네이버 연합뉴스에서 [구독 클릭]▶[팩트체크] 뜨거운 감자 '비동의 간음죄'▶제보하기
",2020.06.04,-37.753178,33.588345,0
뉴스1,"인민군 포로 잡아보니 ""나 제주사람마씸"" 무슨 사연일까",https://news.naver.com/main/read.nhn?mode=LSD&mid=sec&sid1=102&oid=421&aid=0004675918,"
[제주 참전용사들㊦]전쟁통에서 벌어진 인간적인 얘기들변소서 실수로 장교 모자 훔쳐…母 기도 덕에 살아난 군인[편집자주]제주 구 육군 제1훈련소 지휘소는 한국전쟁 당시 50만명의 장병을 배출하며 승리의 기반을 마련한 곳이다. 제주특별자치도의 의뢰로 한국자치경제연구원이 맡은 '제주 육군 제1훈련소 구술조사 용역(2019년 4~12월)'에는 당시 교육받은 기간사병과 훈련병 들의 구술을 통해 4.3 사건 직후 전쟁에 휘말린 제주도민들의 아픔과 인간적인 이야기들이 담겼다. 뉴스1제주본부는 두차례에 걸쳐 용역에 담긴 참전 생존자들의 증언을 소개한다.


원본보기

지난 2019년 현충일을 하루 앞둔 6월5일 제주시 노형동 충혼묘지에서 어린이들이 참배를 하고 있다.2019.6.5 /뉴스1 © News1(제주=뉴스1) 고동명 기자 = 6·25 전쟁은 우리나라 역사상 최대 비극이다.그러나 전쟁통에서조차 사람 냄새가 묻어나는 훈훈한 얘기들, 때로는 웃음을 자아내는 일화들도 있다.최남단 제주에서 참전해 인민군을 포로로 잡았는데 같은 고향이었다면 기분이 어땠을까.신 모 할아버지의 경험담이다.신 할아버지는 최전방 전투 중 인민군을 포로로 잡았다. 생포한 적군은 놀랍게도 북한이 아니라 남한 그것도 자신이 태어난 제주가 고향이었다.신 할아버지는 ""부산 전매청에서 일하다 군대가서 인민군에게 포로로 잡혔고 이번에는 인민군으로 참전했다가 우리에게 포로로 잡힌 거였다""고 설명했다.신 할아버지는 ""고향이 제주라고하니 귀가 솔깃했다. 제주에서도 애월면(현재 애월읍) 금성으로 내 처가가 있는 곳이었다""며 ""그래서 내가 건빵주고 후송했다. 나중에 제대하고 보니 포로수용소에서 살아서 석방됐다고 하더라""고 전했다.화장실에서 쓰고 있는 모자를 훔쳐가는 일이 종종 있었다는 증언도 있다.지 모 할아버지(91)는 ""변소에 앉아있으면 모자를 벗겨 가버린다. 자기 모자를 잃어버리니까 벗겨가는 것""이라고 설명했다.지 할아버지는 ""그러니까 화장실에서도 모자를 잡고 있어야 한다. 그런데 한 군인은 장교 모자를 벗겨서 썼다. 사병들이 장교 모자를 쓴 그 군인을 보고 경례를 했다""고 전했다.


원본보기

현충일을 하루 앞둔 2018년 6월5일 제주시 충혼묘지를 찾은 군인들이 참배를 하고 있다. 2018.6.5 /뉴스1 © News1훈련병 사이에서는 훈련소에서 질병 등으로 사망한 훈련병 시신을 화장하는 화장터에서 누군가 살아돌아서 왔다는 소문도 회자됐다.불 사르기 직전 화장터에서 죽은 줄 알고 버려진 훈련병이 기어서 살아나와 마을에 도움을 요청했다는 얘기다.교육 환경도 열악했던 시절. 중학교에서 영어를 배워 대대장과 함께 지낸 군인의 사연도 있다.오 모 할아버지(88)는 ""미국에서 무전기를 보냈는데 다 영어로 돼있었다. 무전기를 써야되니까 '중학교 다니던 사람 손들어'라고 해서 무전기에 써진 걸 읽었더니 소총 소대에서 빼고 대대장 밑에서 다녔다""고 회상했다.전 모 할아버지(88)는 자신이 전쟁에서 살아남을 수 있었던 이유는 어머니의 기도 덕분이라고 믿는다. 전 할아버지는 ""훈련을 마치고 부산으로 가기 전 면회에서 어머니가 '훈련 잘 받고 군에 잘 갔다와라. 매일 비노라'라고 했는데 후에 소식을 들으니 매일 정한수 떠놓고 빌었다더라. 어머니 덕에 죽지 않고 살았는가 그런 마음이 든다""고 고마워했다.그는 ""제주를 떠나 춘천 보충대로 가다가 수도사단 107포대로 차출됐다. 다음날 아침 사람이 죽어가는 소리가 나서 나가보니 어젯밤 우리와 같이 있던 훈련병들이 전투에서 죽어 내려온 것이었다""며 ""아, 내가 이거 참. 우리 어머니가 많이 도와줬구나. 생각이 그때 들었다""고 말했다.kdm@news1.kr▶ 네이버 메인에서 [뉴스1] 구독하기!▶  뉴스1 11기 수습기자 모집© 뉴스1코리아(news1.kr), 무단 전재 및 재배포 금지
		",2020.06.04,67.097206,60.710606,3
한국경제,"美국방, 트럼프에 '반기'…""시위 진압에 군 동원할 상황 아냐""",https://news.naver.com/main/read.nhn?mode=LSD&mid=sec&sid1=104&oid=015&aid=0004353563,"
마크 에스퍼 국방장관, 기자회견'교회 이벤트' 사전에 몰라블랙호크 시위대 위협도 경위 조사백악관은 ""필요하면 폭동진압법 쓸 것""


원본보기

사진=AP마크 에스퍼 미국 국방장관이 3일(현지시간) ""폭동진압법 발동을 지지하지 않는다""며 도널드 트럼프 대통령의 '연방군 투입' 방침을 공개적으로 거부했다. 트럼프 대통령이 '흑인 사망' 시위' 군 투입 방침을 거론한걸 두고, 트럼프 행정부 내에서 균열이 드러난 것이다.  에스퍼 장관은 이날 언른 브리핑을 자청해 ""국방장관으로서만이 아니라 전직 군인이자 전 주방위군 일원으로서 말한다""며 ""법 집행(시위 진압)을 위한 병력 동원은 최후의 수단으로만, 그리고 가장 시급하고 심각한 상황에서만 사용돼야 한다""며 ""우리는 지금 그런 상황에 있지 않다""고 밝혔다.  또 백인 경찰의 강압적 체포 과정에서 숨진 흑인 남성 조지 플로이드 사망 사건에 대해""끔찍한 범죄""라며 ""당일 사건 현장에 있던 경찰관들은 살인에 대해 책임을 져야 한다""고 말했다.


원본보기

사진=AP 트럼프 대통령이 지난 1일 대국민연설에서 ""폭력이 계속되면 군대를 동원할 수 있다""고 한지 이틀만이다. 폭동진압법은 미국 내 폭동·반란·소요 진압을 위해 1807년 제정된 법이다. 1992년 LA 흑인 폭동 때 주지사의 요청으로 발동된게 마지막였다.   에스퍼 장관은 1일 '교회 이벤트' 전까지 트럼프 대통령이 왜 교회에 가는지 이유를 몰랐다고 털어놨다. 당시 트럼프 대통령은 백악관 앞에 집결해 평화롭게 구호를 외치던 시위대를 최루탄으로 해산하도록 한뒤 대국민연설을 마치고, 에스퍼 장관, 윌리엄 바 법무장관 등을 대동하고 백악관 길 건너편에 있는 '세인트 존스 교회로 갔다. 이어 교회 앞에서 성경을 들고 카메라 앞에서 포즈를 취한뒤 백악관으로 돌아왔다. 이를 두고 해당 교구는 물론 각계에서 비판 여론이 쏟아졌다.  에스퍼 장관은 1일 밤 워싱턴DC 상공에 육군 전투헬기 블랙호크가 저공비행하며 시위대를 위협한데 대해서도 ""경위를 조사해 보고하도록 육군장관에게 지시했다""고 밝혔다. 백악관은 에스퍼 장관의 브리핑이 알려진 뒤에도 ""필요하면 폭동진압법을 사용할 것""이라며 기존 입장을 재확인했다. 케일리 매커내니 백악관 대변인의 언론 브리핑에서다.  매커내니 대변인은 에스퍼 장관 경질 가능성에 대해 ""현재 에스퍼 장관은 여전히 장관""이라면서도 ""만약 대통령이 (에스퍼에 대한) 신뢰를 잃으면 앞으로 여러분은 그 사실을 알게 될 것""이라며 여지를 남겼다. 


원본보기

사진=AP CNN은 3명의 소식통을 인용해 트럼프 대통령이 에스퍼 장관의 이날 브리핑 발언을 마음에 들어하지 않았다고 전했다. 그러면서 ""트럼프 대통령이 재선에 성공한다고 해도 에스퍼 장관이 직을 유지할지 의문이 제기돼 왔는데 오늘 발언으로 낙마 시점이 빨라질 수도 있다는 관측이 나온다""고 보도했다.  워싱턴=주용석 특파원 hohoboy@hankyung.com▶ 네이버에서 한국경제 뉴스를 받아보세요▶ 한경닷컴 바로가기  ▶ 모바일한경 구독신청 ⓒ 한국경제 & hankyung.com, 무단전재 및 재배포 금지
		",2020.06.04,-0.9240993,-3.9785895,4
세계일보,상공에 '전투 헬기' 도로엔 '최루 가스'… 트럼프는 사진 찍으러 교회로,https://news.naver.com/main/read.nhn?mode=LSD&mid=sec&sid1=104&oid=022&aid=0003471616,"
29개 주방위군 2만명 배치/ 워싱턴 인근 육군 1600명 배치/ 뉴욕 등 4곳 방위군 파견 거절/ 헬기 시민 위협 저공비행 관련/ 퇴역 장성들 “시민은 적이 아냐”/ 정계 ‘트럼프 성경 촬영쇼’ 비난/ 바이든, 9일 장례식 참석 의사/ 시민 관심 속 시위 분수령 전망도널드 트럼프 미국 대통령이 백악관 인근 성공회 교회에서 성경을 들고 기념사진을 촬영하기 위해 평화적인 시위대를 강제해산시킨 것을 두고 정계와 종교계 등 각계각층의 비난이 거세다. 약탈과 폭력 시위는 잠잠해지고 있지만, 전날 군 전투용 헬기가 동원된 데 이어 29개 주에 주방위군이 2만명 가까이 배치되는 등 경계태세는 더욱 강화되고 있다.  


원본보기

   흑인 주민 조지 플로이드의 죽음에 항의하는 시위가 격화하는 과정에서 불에 탄 미국 미니애폴리스 이스트 레이크 거리의 한 건물 앞으로 2일(현지시간) 6세 소녀가 지나가고 있다. 미니애폴리스 AP=연합뉴스    트럼프 대통령은 2일(현지시간) 퍼스트레이디 멜라니아 여사와 함께 수도 워싱턴에 있는 가톨릭 시설인 세인트 존 폴 2세(요한 바오로 2세) 국가 성지를 방문해 헌화했다. 그는 전날 평화적인 시위를 하던 시민들을 경찰과 비밀경호국 요원들이 최루 가스와 고무탄을 동원해 강제로 밀어붙이도록 한 뒤 백악관 인근의 세인트 존스 교회를 방문해 성경을 들고 기념사진 촬영을 하는 이벤트를 강행했다.  가톨릭 워싱턴 교구장인 윌턴 그레고리 대주교는 이날 성명에서 “모든 사람의 권리를 수호하는 우리 종교의 원칙을 훼손하는 방식으로 가톨릭 시설을 남용하는 상황을 용납하는 건 비난받을 만하다”고 비판했다. 세인트 존스교회 목사인 지니 저바시는 CNN과 인터뷰에서 트럼프 대통령의 교회 방문에 대해 “신앙을 가진 모든 이들에 대한 신성 모독”이라고 비난했다. 민주당의 낸시 펠로시 하원의장도 이날 성경을 들고나와 기자회견을 하면서 트럼프 대통령에게 ‘치유의 지도자’가 되라고 일갈했다. 조 바이든 전 부통령도 이날 80일 만에 공개 석상에 등장해 발표한 성명에서 “내가 완벽한 대통령이 될 수는 없지만, 증오를 부채질하는 대통령이 되지 않겠다”고 다짐했다.  


원본보기

   2일(현지시간) 미국 텍사스 주 휴스턴에서 시위대가 말을 타고 미국 백인 경찰의 가혹 행위로 흑인 남성 조지 플로이드가 사망한 사건에 항의하는 시위를 벌이고 있다. 휴스턴 로이터=연합뉴스    또 군 전투용 헬기를 동원해 시위대를 겁주고 해외파병지 3곳에 맞먹는 수준으로 방위군 투입 규모를 늘리는 등의 강경 대응에 공화당의 수전 콜린스, 벤 사스, 팀 스콧 상원의원들도 이례적으로 비판했다.  이날 현재 28개 주와 워싱턴에 주 방위군 병력 2만400명이 배치돼 있고, 이는 전날보다 3000명가량 늘어난 것이라고 월스트리트저널(WSJ)이 보도했다. CNN은 “이번 주 방위군 투입 규모가 이라크, 시리아, 아프가니스탄에 파견된 미군 병력과 거의 동일하다”고 전했다.  특히 워싱턴 인근 지역에는 헌병부대와 보병 대대 요원을 포함한 현역 육군 병력 1600명이 배치됐다. 마크 에스퍼 국방장관은 워싱턴의 치안 유지를 위해 인근 일부 주에 주 방위군 파견을 요청했으나 버지니아, 뉴욕, 펜실베이니아, 델라웨어주 등 민주당 출신이 주지사인 4개 주가 거절했다고 미국 언론이 전했다. 트럼프 대통령은 주 정부의 요청 없이 대통령 판단에 따라 연방군을 투입할 수 있는 ‘폭동진압법’ 발동을 검토하고 있다.  


원본보기

   일부선 “종교를 이용하지 말라” 도널드 트럼프 미국 대통령과 멜라니아 여사가 2일(현지시간) 워싱턴 백악관 인근에 있는 세인트 존 폴 성당을 도보로 방문해 교황 동상 앞에서 사진을 찍고 있다. 미 전역이 인종차별 항의 시위로 들끓는 가운데 대통령이 이틀 연속 종교 시설을 방문해 기념 촬영을 하자 종교계는 “종교를 이용하지 말라”며 반발했다. 워싱턴=AP연합뉴스    미군 퇴역 장성들은 워싱턴에서 다목적 헬기인 블랙호크(UH-60)와 재난 구호 임무를 수행하는 라코타헬기(UH-72) 등이 저공 비행하면서 시위대를 위협하자 트럼프 대통령을 강하게 비판했다. 마틴 뎀프시 전 합참의장은 트위터를 통해 “미국은 전쟁터가 아니며 우리의 시민은 적이 아니다”고 강조했다. 라코타 헬기 동원에 대해 공군 변호사 출신 레이첼 밴란딩험 사우스웨스턴 법대 교수는 “적십자 상징의 오용은 평화 시기라 할지라도 (전시 희생자 보호를 위한) 제네바협약(적십자협약) 위반”이라고 지적했다.  워싱턴과 뉴욕 등 주요 도시의 시위 참여자는 연일 증가하고 있으나 약탈, 방화 등 폭력 행위는 다소 줄어드는 양상이다. 플로이드 추모 행사는 4일 그가 숨진 미네소타주 미니애폴리스에서 시작되며 9일 휴스턴에서 열리는 비공개 장례식이 이번 시위의 분수령이 될 전망이다. 그의 장례식에는 바이든 전 부통령까지 참석 의사를 밝히는 등 관심이 집중되면서 항의 시위에 어떤 영향을 미칠지 주목된다.  


원본보기

   미국 백인 경찰의 과잉진압으로 인한 흑인 남성 사망 사건에 항의하는 시위가 2일(현지시간) 캘리포니아 주 로스앤젤레스에서 벌어지는 동안 시위대와 주방위군이 인종차별에 항의하는 뜻에서 함께 ''한쪽 무릎 꿇기''를 하고 있다. 로스앤젤레스 AFP=연합뉴스    한편 플로이드의 부인 록시 워싱턴은 이날 6살 딸 지아나와 함께 기자회견을 열고 “플로이드는 좋은 남자였다. 경찰이 나에게서 그를 앗아갔다”며 “지아나는 이제 아빠가 없다. 플로이드는 지아나가 어른이 되는 것을 보지 못하게 됐다”고 흐느꼈다.   워싱턴=국기연 특파원 kuk@segye.comⓒ 세상을 보는 눈, 세계일보
",2020.06.04,45.77377,-33.181625,2
뉴시스,[오늘의 주요일정]충북(6월4일 목요일),https://news.naver.com/main/read.nhn?mode=LSD&mid=sec&sid1=102&oid=003&aid=0009896769,"
			[충북=뉴시스]▲오전 8시30분 보은군 조례규칙심의회, 부군수실▲오전 8시50분 제천시 7회 조례규칙심의회, 시청 정책회의실▲오전 9시 영동군 코로나19 대응 대책회의, 군수실▲오전 11시 옥천군 민주평통자문회의, 군청 대회의실▲오전 11시 민주평통 충주시협의회 정기회의, 시청 중앙탑회의실▲오전 11시 괴산 불정면 기관단체장 회의, 면사무소▲오전 11시 음성군체육회 이사회, 군청 대회의실▲오후 1시30분 증평군농업인대학 원예치료반 교육, 농업기술센터▲오후 1시30분 청주시 재난안전 통합플랫폼 구축 착수보고회, 시청 재난상황실▲오후 2시 단양군 풍수해 대비 도상훈련, 군청 재난상황실▲오후 2시 충주시 농촌활력플러스 추진위원회, 시청 중앙탑회의실 ▲오후 2시 보은군민장학회 장학금 기탁식, 군수실 ▲오후 2시 9회 영동 감클러스터추진단 회의, 명품곶감센터▲오후 3시 진천군체육회.장애인체육회 현판식, 종합스포츠타운▲오후 3시 대학협력 지역혁신사업 관련 회의, 충북도청 경제부지사실▲오후 6시30분 재경초평면민회 정기총회, 서울육군회관▲오후 7시30분 청주시립교향악단 정기연주회 '전원 그리고 운명', 예술의전당▶ 네이버에서 뉴시스 구독하기▶ K-Artprice, 유명 미술작품 가격 공개▶ 뉴시스 빅데이터 MSI 주가시세표 바로가기<ⓒ 공감언론 뉴시스통신사. 무단전재-재배포 금지>
		",2020.06.04,94.85412,61.96627,3
머니투데이,"""제가 저 분의 딸입니다"" 인정받는데 '67년' 걸린 사연",https://news.naver.com/main/read.nhn?mode=LSD&mid=sec&sid1=102&oid=008&aid=0004419549,"
			[머니투데이 유동주 기자] [전주지법 ""DNA 확인 어려워도 다른 증거로 입증되면 유족""] 


원본보기

전북 전주에서 68세의 A씨(여)가 법원 판결로 한국전쟁에서 사망한 아버지와의 친생관계를 67년만에 인정받았다. 87세 고령의 홀어머니와 어렵게 살던 A씨는 국가유공자 유족연금을 받게 됐다.대한법률구조공단 전주지부가 법률구조사업으로 도움을 준 이 사건은 친생관계 확인에 일반적으로 쓰이는 DNA 증거가 없어 어려움에 봉착했지만 전주지방법원의 전향적인 판결로 결실을 맺었다. 공단에 도움을 청하기 전 A씨는 국가유공자 유족으로 인정받기 위해 오랜 기간 노력했으나 별 소득이 없었다. 그러다 2013년 전주시청에서 아버지의 묘적대장 기록을 찾았고, 이를 단서로 전사자 화장보고서도 확인했으나 국방부는 친자관계를 확인할 수 있는 증거는 없다는 입장이었다.기초생활수급자로 지정될 정도로 생활이 어려워졌던 A씨는 고령의 어머니가 요양병원에 입원하면서 이중고에 시달리기도 했다. A씨의 요청에 공단 측은 DNA 증거를 찾기 위해 법원 허가를 받아 전주시 교동 국립묘지에 안장된 A씨 아버지의 분묘를 개장해 DNA 검사를 진행하기도 했다. 전쟁시에 화장된 경우엔 장비가 완벽하지 않아 고온에 노출되지 않은 DNA를 포함한 유골이 있을 수 있단 가능성이 있어서다.하지만 아버지의 화장된 유골에선 DNA가 발견되지 않았다. 결국 부녀관계를 입증할 다른 공적 증거를 찾기 시작해  △육군본부가 부녀관계를 인정해 A씨에게 아버지의 화랑무공훈장을 대리 수여한 사실 △ 어머니와 A씨 사이에 친생관계가 있다는 확정 판결  △어머니가 아버지 전사 후 미혼으로 살아온 사실 등을 관련 증거와 함께 재판부에 적극 소명했다.A씨 아버지는 A씨가 태어나기 한달 전인 1952년 8월 입대해 다음해 6월 경기 연천지구 전투에서 사망했다. 당시 A씨 부모는 혼인신고를 하지 않은 상태여서 A씨는 만 18세가 될 때까지 출생신고도 안 했다가 결국 큰아버지의 딸로 출생신고를 하게 됐다. 가족관계부 상으론 A씨와 전쟁에서 사망한 아버지는 삼촌과 조카관계로 돼 있었다. 지난 4월21일 이유진 전주지법 판사는 ""큰아버지의 딸로 출생신고가 됐던 A씨가 실제론 친아버지의 딸이 맞다""며 A씨가 낸 '친생자관계 존재확인 청구'를 인용했다. 이 판결로 A씨와 어머니는 6·25 유공자인 아버지의 유족으로 인정받아 유족연금을 받게 됐다.   공단 관계자는 ""한국전쟁 당시 불완전한 행정시스템으로 국가를 위해 희생된 전사자의 가족들이 유족으로 인정받지 못하는 사연들이 많다""며 ""친생관계를 증명하는 다양한 방법이 존재하는 만큼 언제든 공단을 찾아 도움을 요청하면 된다""고 설명했다. 유동주 기자 lawmaker@mt.co.kr▶줄리아 투자노트▶조 변호사의 가정상담소 ▶머니투데이 구독하기 <저작권자 ⓒ '돈이 보이는 리얼타임 뉴스' 머니투데이, 무단전재 및 재배포 금지>
		",2020.06.04,35.45115,84.963486,3
서울신문,워싱턴DC 육군 1600여명 배치… 도시 곳곳 시위대·경찰 충돌,https://news.naver.com/main/read.nhn?mode=LSD&mid=sec&sid1=104&oid=081&aid=0003096087,"
병력 증원에도 항의 인파 최대로 몰려[서울신문]백악관 주변에 2.4m 쇠 울타리도 설치 트럼프, 시위대에 또 “폭력배” 트윗 공세 美전역 ‘중동 3국’ 파병 맞먹는 주방위군 통금 앞당긴 뉴욕 ‘아수라장’ 200명 체포 ‘목 누르기’로 의식불명 44명… 60% 흑인


원본보기

‘철통 경호’ 링컨 기념관 - 비무장 흑인이 경찰의 폭력적 체포로 사망한 사건에 분노한 시위가 미국 전역을 휩쓰는 가운데 2일(현지시간) 워싱턴DC에 있는 링컨기념관을 폐쇄한 채 경찰들이 지키고 있는 모습. 이곳은 흑인 해방의 성역으로 여겨진다.워싱턴DC 로이터 연합뉴스흑인 남성 조지 플로이드의 사망으로 촉발된 인종차별 반대 시위에 군대를 투입할 수 있다는 도널드 트럼프 미국 대통령의 ‘선전포고’ 하루 뒤인 2일(현지시간) 수도 워싱턴DC에 현역 육군 1600여명이 배치됐다. 백악관이 트럼프 대통령의 강경 기조에 맞춰 병력을 증원했지만, 되레 워싱턴DC에는 시위 시작 이래 최대 인파가 모였다. 워싱턴DC와 뉴욕을 비롯해 일부 도시에서는 통행 금지령에도 불구하고 거리를 메운 시위대와 경찰이 충돌하기도 했다. 조지 플로이드 추모 행사가 4일부터 잇따라 예정되면서 앞으로 일주일이 중대 분수령이 될 것으로 예상된다.로이터통신은 조너선 호프먼 국방부 대변인이 “군 병력이 수도 지역(NCR)에 있는 군 기지에서 경계 태세를 갖추고 있다”며 육군 병력이 배치된 사실을 알렸다고 보도했다. 이 병력은 워싱턴DC 내에 있는 것은 아니지만, 만일의 사태를 대비해 대기시킨 것으로 관측된다. 또 인디애나, 사우스캐롤라이나, 테네시주의 주방위군 병력 1500명을 워싱턴에 추가로 배치할 예정이다. 미 전역 29개 주에는 1만 8000명의 주방위군이 시위 대응에 투입됐으며, 이 같은 규모는 이라크와 시리아, 아프가니스탄에 파견된 미군 병력을 다 합친 숫자와 비슷하다고 CNN은 전했다. 더불어 백악관 인근 라파예트 광장 주변에는 백악관 경호를 위한 8피트(약 2.43ｍ) 높이의 쇠 울타리도 설치됐다. 그러나 마크 에스퍼 국방장관은 시위 진압에 군 동원은 마지막 수단이어야 한다며 이를 위한 폭동진압법 발동을 지지하지 않는다고 밝혔다.


원본보기

이번엔 천주교 찾은 트럼프 - 무장 흑인이 경찰의 폭력적 체포로 사망한 사건에 분노한 시위가 미국 전역을 휩쓰는 가운데 도널드 트럼프 미국 대통령이 부인 멜라니아 여사와 함께 2일(현지시간) 워싱턴DC 백악관 인근의 천주교 시설인 세인트 존 폴(성 요한 바오로) 2세 국립성지를 방문해 동상 앞에 헌화한 후 기념촬영을 하고 있다. 트럼프 대통령은 전날 ‘대통령의 교회’로 불리는 백악관 인근 세인트존스 교회에 이어 이틀 연속 종교시설을 방문했다. 워싱턴DC 로이터 연합뉴스이날 낮까지 비폭력 기조가 유지된 워싱턴DC의 시위 규모는 2000명을 넘어서 지난달 29일 수도에서 시위가 시작된 이래 가장 많은 인원이 모였다고 워싱턴포스트(WP)는 전했다. WP는 이날 워싱턴 도심에서 열린 시위에 아이를 데리고 나온 주부, 노부부, 고등학생 등 남녀노소가 참여했고, 민주당 유력 대선주자였던 엘리자베스 워런 상원의원이 남편과 함께 현장에 나왔다고 보도했다. 또 일부 시위자가 도심 기물을 파손하려 하자 주변에 있던 시위대가 이를 제지하며 비폭력을 호소하기도 했다.CNN은 ‘보다 평화로웠던 저항의 밤’이라는 제목의 기사에서 “전국적 차원에서 주말과 전날의 폭력적인 충돌에 비해 상대적으로 차분했다”면서도 “대체로 평화적 시위가 전개됐음에도 불구, 여러 주요 도시에서 경찰과 시위대들 사이에서 폭력적인 대치가 이어졌다”고 보도했다.전날부터 통금 시간을 4시간 앞당겨 오후 7시로 바꾼 워싱턴DC는 시위 해산을 위해 경찰이 최루탄을 쏘는 등 대응에 나서며 도심은 아수라장이 됐다. 밤 11시부터였던 통금 시간을 3시간 앞당긴 뉴욕시는 밤 12시를 지나 새벽 1시까지 200여명의 시위대를 체포했다. 트럼프 대통령은 3일 시위대를 ‘폭력배’(Thugs)라고 또 부르는 등 시위 사태 속에 주류 언론과 민주당 등을 비난하는 트윗을 쏟아냈다. 한편 플로이드를 숨지게 한 미니애폴리스 경찰의 ‘목 누르기’ 체포 행위로 최근 5년간 44명이 의식불명에 빠졌고, 이 중 60%가 흑인이었다고 NBC방송은 전했다.안석 기자 sartori@seoul.co.kr▶ 네이버에서 서울신문 구독하기 클릭! ▶ 세상에 이런 일이 ▶ [연예계 뒷얘기] 클릭!ⓒ 서울신문(www.seoul.co.kr), 무단전재 및 재배포금지
		",2020.06.04,-0.839612,80.67615,2
노컷뉴스,"육군 상병, 휴가 중 여성 성폭행 혐의로 구속",https://news.naver.com/main/read.nhn?mode=LSD&mid=sec&sid1=100&oid=079&aid=0003367905,"
헌팅포차서 합석한 여성 특수준강간·불법촬영 혐의국방부, 휴가 장병 다중이용시설 '자제' 교육[CBS노컷뉴스 김형준 기자]


원본보기

(사진=스마트이미지 제공/자료사진)인천의 한 육군 부대에서 근무하는 병사 1명이 휴가 중에 부산에서 민간인 여성을 성폭행한 혐의로 붙잡혀 구속됐다.4일 CBS노컷뉴스 취재 결과를 종합하면, 인천의 한 부대에서 근무하는 A상병은 지난달 30일 새벽 휴가 중에 친구와 함께 부산 서면의 한 헌팅포차를 찾았다.그는 이곳에서 여성들과 합석해 술을 마시던 중, 친구와 함께 근처 모텔로 한 여성을 데리고 들어가 성폭행하고 동영상을 찍은 혐의를 받고 있다.


원본보기

(사진=연합뉴스/자료사진)해당 여성은 상황을 알게 된 뒤 경찰에 신고했고, A상병은 이날 오후 1시쯤 성폭력특례법상 특수준강간과 카메라등이용촬영 혐의로 체포됐다.사건을 접수한 부산진경찰서는 이를 지난 1일 군 수사기관으로 이첩했고, 군사경찰은 A상병을 구속해 수사하고 있다.국방부는 현재 휴가를 나가는 장병들에게 다중이용시설 등 이용을 자제하라고 교육하고 있지만, 따로 금지는 하고 있지 않다.정부는 2일 오후 6시를 기해 노래방과 헌팅포차, 감성주점 등 8개 코로나19 고위험군 사업장을 대상으로 운영자제를 권고하며 방역수칙을 지킬 경우에만 영업이 가능하도록 조치했다.육군 관계자는 ""수사 결과에 따라 엄정히 처벌할 방침이다""고 말했다.▶ 확 달라진 노컷뉴스▶ 클릭 한 번이면 노컷뉴스 구독!▶ 보다 나은 세상, 노컷브이와 함께redpoint@cbs.co.kr저작권자 © CBS 노컷뉴스 무단전재 및 재배포 금지
		",2020.06.04,51.453568,11.593713,1
국민일보,통금·軍 동원 위협에도 시위 활활… 4~9일 추모 주간 분수령,https://news.naver.com/main/read.nhn?mode=LSD&mid=sec&sid1=104&oid=005&aid=0001328251,"
정부, 주방위군 1만8000명 투입… 8일 휴스턴서 공식 추도식


원본보기

미국 워싱턴주 시애틀에서 2일(현지시간) 우산을 쓴 시위대가 경찰과 대치하며 항의 시위를 벌이고 있다. 로이터연합뉴스40대 흑인 남성 조지 플로이드의 죽음으로 촉발된 인종차별 규탄 시위가 미국 전역에서 8일째 이어졌다. 도널드 트럼프 대통령의 군 동원 위협과 주요 도시에 내려진 야간 통행금지 조치에도 시민들은 거리로 나왔다. 갈수록 커지는 이번 시위는 오는 4일부터 9일까지 이어지는 플로이드 추모행사 기간에 분수령을 이룰 것으로 보인다.2일(현지시간) 워싱턴DC 국회의사당 인근 잔디밭과 링컨기념관 앞에선 수천명이 모여 “정의 없이 평화 없다” “침묵은 폭력” 등의 구호를 외쳤다. 이들은 인종차별에 반대한다는 의미로 한쪽 무릎을 꿇었다. 또 얼굴을 땅에 대고 엎드려 두 손을 모은 채 침묵하는 퍼포먼스도 벌였다. 플로이드가 경찰 무릎에 목이 짓눌렸던 상황을 재현한 것이다.워싱턴포스트(WP)는 “수백명이 아스팔트와 잔디 위에 누웠고 그들의 얼굴은 땅을 향했으며 손은 상상의 수갑에 묶여 등 뒤로 고정됐다”며 “들린 것이라고는 헬리콥터가 쿵쿵거리는 소리와 새들의 지저귐뿐이었다”고 시위 모습을 전했다.백악관 인근에는 육군 1600명이 배치돼 긴장감이 고조되고 있다. 조너선 호프먼 국방부 대변인은 군대 배치에 우려를 감안한 듯 “군 병력이 워싱턴DC 내부에 있는 것은 아니며 시위 대응을 위한 민간작전에 참여하고 있지 않다”고 밝혔다.워싱턴DC에서는 연일 격렬한 시위가 전개되면서 주방위군 1300명이 이미 투입된 상태다. 조지프 렝겔 주방위군 사령관은 현재 1만8000명의 주방위군 병력이 29개주에서 지역 내 법 집행을 지원하고 있다고 설명했다.시애틀주 의사당 앞에 모인 시민들은 경찰의 후추 스프레이에 맞서 우산을 들었다. CNN은 “홍콩의 민주화 시위를 연상케 하는 장면”이라고 전했다. 오리건주 포틀랜드에선 약 1만명이 시위에 참여한 것으로 알려졌다. 버지니아주 리치먼드에서도 수천명이 참여한 시위가 열렸다.이날도 미 전역에서 수백명이 경찰에 체포됐다. 1943년 이후 처음 통금을 시행한 뉴욕시에서는 오후 8시가 넘어서도 시위가 계속됐다. 현지 언론에 따르면 뉴욕 경찰은 이날 시내에서 200명을 체포했다.다만 시위 현장에서의 약탈, 방화 등 폭력 사태는 줄었다. 빌 더블라지오 뉴욕시장은 CNN에 “월요일 밤 광범위한 약탈과 재산 피해 이후 화요일의 시위는 완전히 달라 보였다”고 말했다. 시위대는 맨해튼 거리를 행진했고 상점 주인과 주민들은 길가에 서서 이들을 응원했다.미 전역의 시위 열기는 플로이드 추모 행사를 계기로 절정에 달할 것으로 보인다. 공식 추도식은 오는 8일 그의 고향 휴스턴의 한 교회에서 열린다. 9일 가족들이 참석하는 비공개 장례식에는 유명 인사들도 함께할 것으로 예상된다. 민주당 대선 후보인 조 바이든 전 부통령도 참석 의사를 밝힌 상태다. 플로이드의 유해는 휴스턴 메모리얼 가든 묘지에 안장될 예정이다.  그에 앞서 4일에는 플로이드가 사망한 미니애폴리스에서, 6일에는 그가 태어난 노스캐롤라이나주 클린턴에서 추모 행사가 예정돼 있다.권지혜 기자 jhk@kmib.co.kr▶ 네이버에서 국민일보를 구독하세요(클릭)▶ 국민일보 홈페이지 바로가기GoodNews paper ⓒ 국민일보(www.kmib.co.kr), 무단전재 및 재배포금지
		",2020.06.04,86.101944,7.5495615,2
머니투데이,머니투데이 오프라인 헤드라인-4일자,https://news.naver.com/main/read.nhn?mode=LSD&mid=sec&sid1=106&oid=008&aid=0004419527,"
			[머니투데이 김지훈 기자] [종합]""코로나發 경제 전시상황"" 35.3조 역대급 재정실탄코로나가 멈춘 일상…미세먼지엔 '백신'이재용의 마지막 승부수 '수사심의위' 신청24조 적자국채 발행…나라빚 840조·채무비율 43.5%로 공공데이터 14만개 개방…공공장소 4만곳 고성능 와이파이 질본 독립 '질병관리청' 승격…복지부 복수차관제로  [대한민국 4.0 컴백 '메이드 인 코리아']기업 발 당기는 '유턴자석'…수도권 공장총량제 손본다 더 과감해야 '끌린다'…당정 ""법인세 감면·시설투자 확대""[POP CON] 인구절벽 위 세우는 ‘스마트시티’ 드론구조대·AI 농부도 힘 보탠다 [오피니언]공수처와 '램프증후군' [산업]현대차, 전북에 1호 '상용차 수소충전소'해외길 열리지만…눈길은 국내로만  [국제]워싱턴 육군 1600명 배치·뉴욕 77년 만의 통금 '혼돈의 미국'[금융]5조 정책금융, 산은·수은 재정보강 역부족 [미래산업]줄 안서도…소상공인 정책 대출 '인터넷銀 앱'으로  [ICT·과학]손목 주치의 전쟁 '째깍째깍' [건설부동산]서울 안전진단 속속 통과 목동6단지 재건축 '두근' [스타뉴스]""듬직 순애보 '치홍', 배역에서 배웠다"" [사회]'검찰 개혁' 시류 타고 '과잉 수사' 역공 펴나  [코로나의 역설, 맑은 하늘]석탄발전 멈추니 '맑은 공기'…전기요금 '월 1200원' 오른다 [증권]'공매도 소나기' 피한 성장주들…석달간 코스닥 70% 올랐다 기관 '열정매수' 코스피 2100돌파…전문가 '냉정분석' 주문김지훈 기자 lhshy@mt.co.kr▶줄리아 투자노트▶조 변호사의 가정상담소 ▶머니투데이 구독하기 <저작권자 ⓒ '돈이 보이는 리얼타임 뉴스' 머니투데이, 무단전재 및 재배포 금지>
		",2020.06.04,68.42949,31.993317,1
조선일보,"트럼프에 반기 든 美국방 ""시위 진압에 연방군 투입 반대""",https://news.naver.com/main/read.nhn?mode=LSD&mid=sec&sid1=104&oid=023&aid=0003536258,"
미국에선 2일(현지 시각) 워싱턴DC와 뉴욕, LA, 애틀랜타 등 주요 대도시에서 모두 통금이 실시됐지만 흑인 조지 플로이드 사망 사건에 항의하는 시위가 밤늦게까지 이어졌다. 또 육군 헌병 등 연방군 1600명이 사태 악화를 대비해 워싱턴 주변으로 이동했다고 로이터통신은 보도했다.이날 백악관 주변엔 2m가 넘는 철제 울타리가 쳐졌고, 이를 중심으로 시위대 1000여 명이 경찰과 밤늦게까지 대치했다. 뉴욕에선 시위대 수백명이 브루클린 다리에서 시위를 벌였고, 휴스턴에선 '기마 시위대'가 등장해 말을 타고 시위했다. LA에선 시위대 수백명이 할리우드 거리에서 ""흑인의 생명은 중요하다""고 외쳤고, 애틀랜타에선 이날 저녁 경찰이 올림픽 경기장 주변에 밀집한 시위대에게 최루탄을 발사하며 공방전을 벌였다.월스트리트저널(WSJ)은 이날 워싱턴DC와 28주에 주 방위군이 총 2만400명 배치됐고, 이는 전날보다 3000명 증가한 것이라고 보도했다. CNN은 ""이번 시위 사태에 따른 주 방위군 투입 규모는 이라크·시리아·아프가니스탄에 파견된 병력과 거의 동일하다""고 전했다.미 국방부는 또 워싱턴 인근에 헌병 등 육군 병력 1600명을 배치했다. 조너선 호프먼 국방부 대변인은 이날 군 배치를 확인하며 ""다만 병력이 워싱턴DC 내부에 있는 것은 아니다""라고 했다. 워싱턴DC는 연방정부 관할이라서, 미국 내에서 유일하게 연방군이 주지사의 허가 없이도 들어갈 수 있다. 도널드 트럼프 미 대통령은 폭력 시위가 악화될 경우 주 정부의 요청 없이도 대통령의 판단에 따라 연방군을 투입하는 폭동 진압법 발동을 검토하고 있다.미국 언론들은 강경 진압으로 이날 폭력 시위는 상당히 줄어들었다고 전했다. 조셉 랭겔 주 방위군 사령관도 이날 ""전국에 걸쳐 지난밤 상황은 호전됐다. 우리는 폭력의 감소를 보았다""고 했다.트럼프 대통령은 이날 트위터에 ""(워싱턴)DC는 지난밤 아무런 문제가 없었다. 많은 체포가 이뤄졌다""며 ""모든 이가 훌륭하게 일을 해냈다. 압도적인 병력. 우세""라고 적었다. 그는 또 전날 뉴욕에서 약탈이 벌어진 것을 거론하며 ""뉴욕은 약탈자, 암살단원, 급진 좌파와 모든 종류의 하류 인생과 인간쓰레기들에게 졌다""며 ""(쿠오모) 주지사는 주 방위군을 통해 진압하라는 내 제안을 거절했다. 뉴욕은 갈가리 찢어졌다""고 했다. 그러면서 ""뉴욕시는 주 방위군을 불러라""라고 했다.마크 에스퍼 미 국방장관은 3일 국방부 청사에서 가진 브리핑에서 ""시위를 진압하기 위해 현역 부대를 이용하는 것을 지지하지 않는다""며 ""(병력 투입은) 가장 시급하고 끔찍한 상황에서만 최후의 수단으로 사용돼야 한다""고 밝혀 시위에 군을 투입하겠다는 트럼프 대통령의 발언에 정면으로 맞섰다고 CNN은 보도했다.[워싱턴=조의준 특파원 joyjune@chosun.com] 		▶ 복잡한 경제뉴스 '5Q경제'로 완벽 정리 		▶ 네이버에서 조선일보 받아보기		▶ 중고생 위한 대입필수 독서노트 받으러 가기 	- Copyrights ⓒ 조선일보 & chosun.com, 무단 전재 및 재배포 금지 -
",2020.06.04,69.06916,-48.459774,2
조선일보,경찰이 '뇌물왕' 사주받고 일반인 감금·협박,https://news.naver.com/main/read.nhn?mode=LSD&mid=sec&sid1=102&oid=023&aid=0003536250,"
조폭과 함께 납치 가담 혐의 지난해 9월 식료품 군납업체인 M사의 본부장 노모씨는 영문도 모른 채 경남 진주의 한 건물에 이틀간 감금됐다. 노씨를 가둔 이들은 허모씨와 강모씨 등 조직폭력배들이었다. 이들은 다짜고짜 노씨를 상대로 ‘당신과 장모씨가 회삿돈 3억원을 횡령한 사실을 인정하라고 협박했다. 나중에 드러났지만 노씨를 감금·협박하라고 사주한 이는 M사 대표 정모씨였다. 정씨는 동업자인 장씨와 경영 갈등을 겪자 그의 측근인 노씨를 납치해 장씨의 횡령 혐의를 만들어 내려고 한 것이다. 감금 당시 조폭들은 노씨에게 가족을 언급하며 “좋은 말할 때 시키는 대로 이야기하라”고 했다. 겁을 먹은 노씨가 시키는 대로 진술하자 변호사로 보이는 사람이 나타나 횡령 고소장을 작성했다. 조폭들이 이 사람에게 깍듯하게 인사를 하는가 하면 그가 작성한 고소장을 본 뒤 “경남 최고의 조폭 때려잡는 솜씨”라는 이상한 소리를 했다. 이후 노씨는 이 사람의 정체를 알고선 깜짝 놀랐다. 변호사인 줄 알았던 그가 경남지방경찰청 광역수사대 소속 현직 경찰 이모씨였다는 것이다. 노씨는 이씨와 정씨 등을 공동감금과 강요 혐의 등으로 고소했다. 수사를 받게 된 이씨 등은 더 대담해졌다. 그들은 감금 현장에서 고소장을 작성했던 사람은 이씨가 아니라 퇴직한 경찰 최모씨였다고 주장한 것이다. ‘대역’을 내세우고 위증을 하도록 했다. 이 사건을 수사했던 경찰청 중대범죄수사과는 휴대전화 GPS 추적 등을 통해 이 주장이 허위라고 입증했고 이씨를 기소 의견으로 검찰에 송치했다. 서울중앙지검 강력부는 이들에 대해 추가 조사를 벌이고 있다.한편, 현직 경찰을 동원한 M사 대표 정씨는 이동호 전 군사법원장에게 6200만원 뇌물을 건넨 혐의로 기소됐으며 서울중앙지법에서 1심 재판을 받고 있다. 그는 M사를 키운다며 이 전 법원장뿐 아니라 경찰서장, 검찰 수사계장, 육군 관계자 등 검·경·군 관계자에게 뇌물을 건넨 것으로 조사됐다. 그에게 뇌물을 받았던 육군 전 급양대장(예비역 중령)은 법원 영장실질심사를 앞두고 스스로 목숨을 끊기도 했다. [김아사 기자] 		▶ 복잡한 경제뉴스 '5Q경제'로 완벽 정리 		▶ 네이버에서 조선일보 받아보기		▶ 중고생 위한 대입필수 독서노트 받으러 가기 	- Copyrights ⓒ 조선일보 & chosun.com, 무단 전재 및 재배포 금지 -
",2020.06.04,42.084957,55.68561,1
한국일보,"美 국방장관 “현역병력 동원, 반대”…트럼프와 정면 배치",https://news.naver.com/main/read.nhn?mode=LSD&mid=sec&sid1=104&oid=469&aid=0000502654,"



원본보기

마크 에스퍼 미국 국방부 장관이 지난 1일 워싱턴에서 주방위군과 대화를 하고 있다. 워싱턴=로이터 연합뉴스마크 에스퍼 미국 국방장관이 3일(현지시간) 미 전역의 시위 진압을 위한 현역병력 동원을 지지하지 않는다는 입장을 밝혔다. 군 동원은 마지막 수단이어야 한다는 설명이다. 이는 주(州) 차원에서 시위 진압이 안 되면 군 투입도 불사하겠다고 강경대응을 경고한 도널드 트럼프 대통령 의견에 정면으로 배치된다.에스퍼 장관은 이날 국방부 브리핑에서 “법 집행에 병력을 동원하는 것은 최후의 수단으로, 가장 긴급하고 심각한 상황일 때 사용해야 한다”면서 “우리는 지금 그런 상황이 아니다”라고 말했다. 이어 “폭동진압법 발동을 지지하지 않는다”고 덧붙였다. 1807년 제정된 폭동진압법을 발동하면 대통령이 주지사의 동의 없이 시위 진압에 정규군을 동원할 수 있다. 이는 1992년 로스앤젤레스(LA) 폭동 당시 마지막으로 발동됐지만 최근 트럼프 대통령이 강경 대응을 이어가면서 다시 등장할 수 있다는 전망이 나왔다.에스퍼 장관은 또 시위 대응을 논의하면서 ‘전투 현장’(battle space)이라는 단어를 사용했던 것과 관련 “매일 사용하던 용어라서 사용한 것 일뿐”이라고 해명했다. 시위대나 시위 현장을 적대시해 뱉은 말이 아니라는 설명이다. 그는 “돌아간다면 다른 표현을 썼을 것”이라며 한발 물러선 입장을 보였다. 미국 CNN방송은 국방부 내에서 트럼프 대통령이 지난 1일 군 투입 의지를 밝히기 전부터 불편한 기류가 형성됐다고 분석했다. 에스퍼 장관의 이날 브리핑이 트럼프에 일종의 선을 그은 것이라는 해석이다.한편 지난달 25일 미네소타주 미니애폴리스에서 경찰의 과잉진압으로 흑인 남성 조지 플로이드가 숨진 후 인종차별에 반대하는 시위가 전국적으로 이어지고 있다. 일부 시위대가 약탈과 방화 등 과격 양상을 보이자 트럼프 대통령은 시위대를 ‘폭력배’라고 칭하는 등 강경한 입장을 밝혀왔다. 수도 워싱턴 외곽에는 현역 육군 1,600명이 배치돼 경계 태세를 강화한 상태다. 진달래 기자 aza@hankookilbo.com ▶네이버 채널에서 한국일보를 구독하세요! ▶뉴;잼을 보면 뉴스가 재밌다 [뉴스레터 구독하기] ▶한국일보닷컴 바로가기
",2020.06.04,22.248533,-24.345598,4
강원일보,[포토뉴스]강원열린군대 입학식 성료,https://news.naver.com/main/read.nhn?mode=LSD&mid=sec&sid1=102&oid=087&aid=0000801419,"



원본보기

 2020년도 강원열린군대 입학식이 3일 강원대 스타트업큐브에서 김성호 도 행정부지사, 김헌영 강원대 총장, 하영재 육군 제2군단 부군단장 및 교육생 88명 등이 참석한 가운데 열렸다.  박승선기자 lyano@kwnews.co.krⓒ 강원일보, 무단 전재 및 재배포 금지
		",2020.06.04,11.81536,28.275995,1
강원일보,서욱 참모총장 철원 화살머리고지 방문,https://news.naver.com/main/read.nhn?mode=LSD&mid=sec&sid1=102&oid=087&aid=0000801420,"




 서욱 육군참모총장(사진)은 3일 철원 비무장지대(DMZ) 화살머리고지 유해발굴 현장을 찾아 “유해발굴 작전은 우리 군의 숭고한 사명이자 임무”라고 강조했다.육군은 6·25전쟁 전사자 유해발굴 작전, 비무장지대 평화의 길 재개방, 아프리카돼지열병 방역 지원 현장 상황을 점검하기 위해 총장이 현장 지도를 했다고 설명했다. 서 총장은 화살머리고지 기념관에서 추모 헌화를 하고, 유해발굴 작전 현장통제소를 찾아 장병들에게 사명감과 자부심으로 작전에 임해 달라고 말했다.철원=김대호기자ⓒ 강원일보, 무단 전재 및 재배포 금지
		",2020.06.04,-40.146526,-36.677837,4
국민일보,"마음을 여는 봉사, 전도의 문을 열다",https://news.naver.com/main/read.nhn?mode=LSD&mid=sec&sid1=103&oid=005&aid=0001328178,"
청주 정중교회


원본보기

충북 청주 정중교회 정현 목사(사진 오른쪽)와 교인들은 교회 인근 아파트 단지에서 매주 호떡 전도와 칼갈이 전도를 한다. 지난달 23일 호떡을 굽고 나누는 모습. 정중교회 제공


원본보기

매주 금요일 밤 10시만 되면 정중교회 정현(47) 목사는 교회 옆에 세워진 라보 트럭에 시동을 켠다. 서둘러 트럭을 몰아 도착한 곳은 마을 장이 열리는 인근 아파트 단지 앞 공터. 정 목사는 3년 전부터 매주 토요일 이곳에서 호떡을 무료로 나눠주고 있다. 전날 밤부터 부지런을 떨지 않으면 차를 대는 것도 힘들다.정 목사는 낮 기온이 39도까지 오른 무더운 여름날에도 호떡 굽는 걸 쉬지 않았다. 지금은 단골까지 생겼다. 최근에는 칼을 무료로 갈아주는 일도 시작했다. 충북 청주 오송의 교회에서 지난 22일 정 목사를 만났다.주는 전도의 한계정 목사가 처음부터 호떡을 나눠준 건 아니다. 정 목사는 2009년 정중교회에 부임했다. 당시 교회는 한적한 시골 마을에 있었다. 그러나 일대가 개발 구역으로 묶이면서 교회가 흔적도 없이 사라졌다. 보상도 받지 못했다. 교인이었던 A권사가 땅을 기증해 교회를 세웠지만 이를 증명할 서류가 없었다. 땅은 A권사의 손자 이름으로 돼 있었다. 이 과정에서 기존 교인들이 거의 떠났다. 정 목사는 부임하자마자 개척 아닌 개척교회를 시작하게 됐다.지금의 자리도 임대다. 2013년 이곳으로 온 정 목사는 마을 목회의 길로 들어섰다. 교회를 개방했다. 바로 앞에 학교가 있어 학생들의 출입이 많았다. 정 목사는 아이들에게 라면을 끓여주고 타고 다니는 자전거 바람이 빠지면 넣어주기도 하면서 어울렸다. 자전거 전등을 사다 아이들에게 달아주기도 했다. 그해 주일학생만 13명이나 됐다. 그러나 아이들의 출석이 이듬해로 이어지진 못했다. 부모가 다니지 않다 보니 생긴 결과였다. 허탈했지만, 다시 힘을 냈다. 이번엔 어린이보다 어른 전도에 초점을 맞췄다.정 목사가 찾은 방법은 건빵 전도였다. 부임하기 전 ‘우리 밀 살리기 운동본부’에 잠깐 몸담았던 정 목사는 우리 밀로 건빵을 만들어 전도지와 함께 나눠줬다. 처음엔 그냥 지나치던 사람들도 우리 밀로 만든 건빵이라고 얘기하자 멈춰 서서 받아 갔다. 특히 아기 엄마들에게 인기가 좋았다. 그래도 뭔가 허전했다. 건빵을 받아간 사람은 많았지만, 대화를 나눈 이는 손에 꼽았다. 주는 전도의 한계를 여실히 느꼈다. 우리 밀 건빵이 일반 건빵보다 4배나 비싼 것도 문제였다.대화가 필요해전도에 유용한 다른 용품이 없을까 고민을 거듭했다. 번뜩 떠오른 게 봄철 황사용 마스크였다. 2016년부터 마스크를 전도지에 달아 나눠줬다. 가격이 건빵보다 훨씬 쌌다. 그러나 이것도 받아 가면 끝이었다. 먹는 게 아니다 보니 자주 만나는 사람들은 집에 마스크가 쌓여 갔다. 그러다 찾은 게 호떡이었다. 기본 장비가 있어야 했는데 감사하게도 전도사 시절 주례를 봐줬던 육군 부사관 형제가 헌금을 했다. 정중교회 사정은 전혀 모른 채 “정 목사님 생각이 나서 연락을 드렸다”며 200만원을 냈다. 식품의약품안전처에 근무하며 정중교회에 출석하던 자매도 결혼하고 이직하면서 100만원을 헌금하고 갔다. 교인들도 십시일반 거들어 라보트럭 중고차를 샀다.2017년 10월부터 호떡 전도를 시작했다. 정 목사와 사모 둘이 새벽예배 끝나고 교회 앞에서 호떡을 나눠줬다. 등교하는 학생들도, 출근하는 직장인도 지나가다 들러 호떡을 받아갔다. 호떡을 굽는 동안 그토록 바라던 대화 시간이 생겼다. 억지로 대화하려 하지 않아도 찾는 분들이 ‘왜 공짜로 나눠 주냐’고 물었다.번화가로 나갔다. 인지도가 없으니 사람들이 찾지 않았다. 근처 붕어빵 장사하는 상인에게서 심한 말도 들었다. 그래도 꾸준히 했다. 1~2년 지나니 사람들이 조금씩 알아봐 줬다. 호떡 맛이 좋다는 소문도 났다. “얼마나 하는지 두고 봤는데 꾸준히 한다”고 말하는 분도 있었고, 교회에 대해 물어오는 분도 있었다.정 목사는 호떡을 나눠주면서 원하는 사람에게선 전화번호를 받았다. 그들에겐 아침마다 말씀 문자를 보낸다. 교회에 나오라고 강권하진 않지만, 그리스도의 향기를 그렇게 전한다.


원본보기

지난달 23일 칼을 갈아주는 모습. 정중교회 제공작은 교회 아닌 마을 교회현재 정중교회 출석 교인은 10명 남짓이다. 적은 수이지만 처음 정 목사 가족끼리 드렸던 때보다 3배 가까이 늘었다. 정 목사와 사모 둘이서 하던 호떡 전도에 교인들이 동참하면서 사역이 활성화됐다. 3년 전부터 정중교회에 출석하는 장병규(52) 집사는 최근 칼갈이 전도 아이디어를 냈다. 장 집사는 “목사님이 예전에 말씀하셨던 적이 있어서 해보자 말씀드린 것뿐”이라고 했지만, 칼갈이 전도는 금세 동네에 소문이 났다. 한 번에 7~8자루를 가져오거나 장작 패는 도끼를 갖고 오는 사람도 있었다. 칼갈이 역시 대화할 여지가 생겼다. 호떡 전도는 매주 토요일만 하지만, 칼갈이 전도는 시간을 정해 주중에도 몇 번씩 나간다. 정 목사는 “성도들이 불평 없이 전도에 동참하는 모습이 감사하다”고 말했다.정중교회는 최근 어렵게 종교부지를 배정받았다. 아직 잔금을 치르지 못해 어려움이 있지만, 정 목사는 “성도들의 헌신에 목회의 행복을 느낀다”고 말했다. 그는 “전도를 하다 보면 교회 교인이 몇 명인지, 교회가 큰지, 건물이 있는지 물어보는 분들이 있다”며 “그게 교회의 전부는 아닌데 그런 얘기를 들을 때마다 마음이 아프다”고 했다. 정 목사는 “전도가 참 어렵다. 전도를 해보니까 한 영혼이 왜 귀한지 알겠다”며 “그럼에도 하나님 주신 사명이기에 쉬지 않고 전도하려 한다”고 다짐했다.청주=황인호 기자 inhovator@kmib.co.kr[굿뉴스 미션라이프 홈페이지 바로가기][국민일보 홈페이지] [미션라이프 네이버 포스트]GoodNews paper ⓒ 국민일보(www.kmib.co.kr), 무단전재 및 재배포금지
		",2020.06.04,-18.398346,-72.44241,3
중앙일보,"필라델피아선 한인 상점 50곳 털려···교민 ""하루 8억 날렸다""",https://news.naver.com/main/read.nhn?mode=LSD&mid=sec&sid1=104&oid=025&aid=0003006331,"
워싱턴 인근 병력 1600여 명 배치백악관 주변엔 쇠 울타리 설치  


원본보기

미국 펜실베이니아주 필라델피아에서 약탈을 당해 아수라장이 된 한인 점포. [연합뉴스]           흑인 남성 조지 플로이드의 사망으로 촉발된 시위가 미국 전역에서 계속되면서 한인 피해가 속출하고 있다. 외교부에 따르면 3일 오후까지 99건의 한인 상점 재산피해가 집계됐다. 특히 교민 7만여 명이 사는 펜실베이니아주 필라델피아의 피해가 심했다. 외교부와 현지 한인들에 따르면 미용용품 상점과 휴대전화 가게를 비롯해 약 50개의 한인 점포가 약탈당했다. 조지 플로이드가 사망했던 미네소타주 미니애폴리스에선 10건의 피해가 보고됐다.        기부 사이트 고펀드미(GoFundMe)에 올라온 글에 따르면 노스캐롤라이나주의 웰링턴에서 35년 이상 영업한 보석상은 지난달 30일(현지시간) 창문을 부수고 들어온 이들에 의해 가게 안의 모든 상품을 도난당했다. 필라델피아에서 미용용품을 운영하는 교민도 하루 저녁에 65만 달러(약 7억9000만원)의 재산을 날렸다. 지난달 31일 저녁 30여 명이 매장의 셔터를 뚫고 들어와 물건을 훔쳐간 뒤 가게에 불을 질렀다.      시카고에서 20년 이상 옷가게를 운영해 온 한 교민은 신종 코로나바이러스 감염증에 따른 봉쇄령 이후 두 달 만에 영업 재개를 준비하고 있었다. 하지만 영업을 이틀 앞둔 지난달 31일 SNS에 자신의 매장이 약탈당하는 영상이 올라왔다. 사람들이 쇼핑 카트를 끌고와 물건을 휩쓸어가는 장면을 봐야 했다.      한인 사회는 뒤숭숭하다. 로스앤젤레스 한인타운 근처에서 사는 김모(32)씨는 “전쟁이라도 난 듯이 종일 헬기소리와 사이렌 소리가 들린다”고 말했다.      수도 워싱턴 인근에는 2일(현지시간) 보병 대대가 포함된 육군 병력 1600여 명이 배치됐다. 로이터통신에 따르면 국방부 고위 관료는 이 병력이 워싱턴으로 진입할 수 있음을 시사했다. 미국 언론에선 2000명의 주 방위군이 시위 진압에 실패할 경우 백악관과 의회 등 주요 건물에 결국 연방군이 투입되는 것 아니냐는 관측이 나오고 있다. 이날 백악관 주변엔 시위대의 접근을 원천 봉쇄하기 위해 쇠 울타리가 설치됐다. 백악관 인근 라파예트 광장을 둘러싸고 8피트(약 2.43m) 높이의 철제 펜스가 세워졌다.      워싱턴을 비롯해 미국 주요 도시에 시위가 격화되면서 조셉 렝겔 주 방위군 사령관은 이날까지 29개 주에 주 방위군 1만8000명이 배치됐다고 밝혔다. CNN은 “이번 시위 사태에 따른 주 방위군 투입 규모는 이라크·시리아·아프가니스탄 파병 규모와 비슷하다”고 전했다.      워싱턴=박현영 특파원, 석경민 기자 hypark@joongang.co.kr  ▶ 그래서, 팩트가 뭐야? 궁금하면 '팩플'▶ 세상 쉬운 내 돈 관리 '그게머니'▶ 중앙일보 홈페이지 바로가기ⓒ중앙일보(https://joongang.co.kr), 무단 전재 및 재배포 금지
		",2020.06.04,64.40787,-12.089704,2
경향신문,6월4일 '북풍 공작 흑금성' 간첩혐의 구속 [오래 전 ‘이날’],https://news.naver.com/main/read.nhn?mode=LSD&mid=sec&sid1=102&oid=032&aid=0003012971,"
			[경향신문] 1960년부터 2010년까지 10년마다 경향신문의 같은 날 보도를 살펴보는 코너입니다. 매일 업데이트합니다.


원본보기

영화 <공작>의 모티브가 된 ‘흑금성 사건’의 실존 인물 박채서씨. / 권도현 기자 lightroad@kyunghyang.com■2010년 6월4일 ‘북풍 공작 흑금성’ 간첩혐의 구속2018년 8월 북풍 공작 영화 한편이 개봉을 했습니다. 바로 황정민 주연의 ‘공작’입니다. 1997년 12월 대통령 선거를 앞두고 당시 김대중 후보를 낙선시키기 위해 안기부(현 국가정보원)가 주도한 사건 중 하나를 다뤘습니다. 당시 안기부는 ㈜아자커뮤니케이션에 위장취업시킨 흑색요원(신원을 숨긴 채 비밀작전을 수행하는 스파이를 일컫는 단어) 박채서씨(66)를 통해 대북사업과 관련한 공작을 시도한 것으로 알려졌습니다. 박씨의 암호명은 ‘흑금성’으로, 안기부는 그를 통해 대북사업과 관련한 공작을 시도했던 것으로 알려졌습니다. 이 사업은 1998년 3월 이대성 안기부 전 해외실장이 국내 정치인과 북한 고위층 인사 간의 접촉내용을 담은 기밀정보를 폭로하면서 북측의 반발로 전면 중단됐습니다. 흑금성은 군사기밀을 북한 공작원에게 넘긴 혐의로 구속됐습니다. 국가를 위해 흑색요원으로 활동했던 그가 왜 구속이 됐을까요. 10년 전 오늘 기사를 통해 알아봅니다.


원본보기

2010년 6월4일자 경향신문 14면.서울중앙지검 공안1부(이진한 부장검사)와 국정원은 10년 전 군사기밀을 북한 공작원에게 넘긴 혐의(국가보안법상 간첩 등)로 박채서씨(당시 56세)와 방위산업체 간부 손모씨 등 2명을 구속했습니다. 법원은 당시 “증거인멸 및 도주의 우려가 있다”며 구속영장을 발부했습니다.검찰과 국정원에 따르면 박씨는 2005~2007년 중국에 있는 북한 공작원에게 포섭돼 공작금을 받고 우리 군에서 사용하는 작전교리와 야전교범 등 군사서적을 전달한 혐의를 받았습니다.넘겨진 자료엔 군의 전쟁 계획인 ‘작전계획 5027(군사 2급비밀)’ 등도 있었습니다.검찰은 박씨가 1997년 15대 대통령 선거를 앞두고 북풍 공작으로 문제가 됐던 안기부 공작원 ‘흑금성’인 것으로 보고 있습니다.‘흑금성’ 사건은 안기부가 북한을 이용해 김대중 전 대통령의 집권을 저지하려고 한 사건으로 알려져 있습니다. 군 정보기관에서 장교로 복무하다 전역한 박씨는 대북 사업체에 간부로 위장취업하라는 안기부의 지시로 북한 사람들과 접촉하며 공작을 벌였습니다. 그러던 중 국내 정치인과 북한 고위층 인사의 접촉이 북풍 공작에 이용됐음이 안기부 전 해외실장 이대성씨에 의해 폭로돼 정체가 탄로나자 중국에서 대북사업 등을 해왔습니다.검찰은 박씨가 넘긴 군사기밀이 비밀취급 관계자만이 열람·취급할 수 있는 자료라는 점에 주목, 박씨가 군 관계자와 접촉해 이를 전달받았을 가능성이 큰 것으로 봤습니다.또 육군 중령 출신으로 대형 방산업체 ㅇ사의 전무로 있는 손씨는 2005년 군 통신관련 장비 내역을 북한 공작원에게 전달한 혐의를 받았습니다. 손씨는 2008년 베이징에서 북한 공작원과 만나 통신 중계기 사업의 대북 진출을 협의하기도 했습니다. 검찰 관계자는 “손씨는 미국에 있는 지인 윤모씨의 도움을 받았다”며 “박·손씨와 연결된 국내 인사들에 대해 수사를 확대할 방침”이라고 말했습니다.박채서씨는 2016년 5월, 6년 형기를 만기 출소했습니다. 그는 한 언론과의 인터뷰에서 “내가 이중간첩이면 총살시켜라”라며 결백을 주장하기도 했습니다.박씨는 본인의 이야기를 담은 영화 ‘공작’에 대해 “영화를 봤는데 잘만들었더라. 배우 황정민씨도 촬영전에 한번 봤는데, 당시의 경험담을 많이 들려줬다”며 “영화에서 나오는 이야기는 실제 벌어졌던 이야기들이다. 북한을 오가는 것은 사실 나에게는 고통스러운 일이었다”고 밝혔습니다.국가보안법 위반 혐의에 대해 그는 “지금까지 북측에 우리 기밀을 준 적이 없다”며 “국가 기밀을 북에게 넘길 만큼 내 신념과 사상이 약하지 않다”고 말했습니다.김동성 기자 estar@kyunghyang.com▶ 장도리 | 그림마당 보기▶ 경향신문 바로가기▶ 경향신문 구독신청하기©경향신문(www.khan.co.kr), 무단전재 및 재배포 금지
",2020.06.04,65.93592,94.94505,1
